-- MySQL dump 10.11
--
-- Host: localhost    Database: mengine
-- ------------------------------------------------------
-- Server version	5.0.77

/*!40101 SET @OLD_CHARACTER_SET_CLIENT=@@CHARACTER_SET_CLIENT */;
/*!40101 SET @OLD_CHARACTER_SET_RESULTS=@@CHARACTER_SET_RESULTS */;
/*!40101 SET @OLD_COLLATION_CONNECTION=@@COLLATION_CONNECTION */;
/*!40101 SET NAMES utf8 */;
/*!40103 SET @OLD_TIME_ZONE=@@TIME_ZONE */;
/*!40103 SET TIME_ZONE='+00:00' */;
/*!40014 SET @OLD_UNIQUE_CHECKS=@@UNIQUE_CHECKS, UNIQUE_CHECKS=0 */;
/*!40014 SET @OLD_FOREIGN_KEY_CHECKS=@@FOREIGN_KEY_CHECKS, FOREIGN_KEY_CHECKS=0 */;
/*!40101 SET @OLD_SQL_MODE=@@SQL_MODE, SQL_MODE='NO_AUTO_VALUE_ON_ZERO' */;
/*!40111 SET @OLD_SQL_NOTES=@@SQL_NOTES, SQL_NOTES=0 */;

--
-- Table structure for table `artifact_types`
--

DROP TABLE IF EXISTS `artifact_types`;
SET @saved_cs_client     = @@character_set_client;
SET character_set_client = utf8;
CREATE TABLE `artifact_types` (
  `id` int(11) NOT NULL auto_increment,
  `key` varchar(255) collate utf8_unicode_ci default NULL,
  `created_at` datetime default NULL,
  `updated_at` datetime default NULL,
  PRIMARY KEY  (`id`),
  KEY `index_artifact_types_on_key` (`key`)
) ENGINE=InnoDB AUTO_INCREMENT=3 DEFAULT CHARSET=utf8 COLLATE=utf8_unicode_ci;
SET character_set_client = @saved_cs_client;

--
-- Dumping data for table `artifact_types`
--

LOCK TABLES `artifact_types` WRITE;
/*!40000 ALTER TABLE `artifact_types` DISABLE KEYS */;
INSERT INTO `artifact_types` VALUES (1,'vessel','2009-11-17 17:50:05','2009-11-17 17:50:05'),(2,'object','2009-11-17 17:50:09','2009-11-17 17:50:09');
/*!40000 ALTER TABLE `artifact_types` ENABLE KEYS */;
UNLOCK TABLES;

--
-- Table structure for table `artifacts`
--

DROP TABLE IF EXISTS `artifacts`;
SET @saved_cs_client     = @@character_set_client;
SET character_set_client = utf8;
CREATE TABLE `artifacts` (
  `id` int(11) NOT NULL auto_increment,
  `url_key` varchar(255) collate utf8_unicode_ci NOT NULL,
  `title` varchar(255) collate utf8_unicode_ci default NULL,
  `long_synopsis` text collate utf8_unicode_ci,
  `artifact_type_id` int(11) default NULL,
  `created_at` datetime default NULL,
  `updated_at` datetime default NULL,
  `imga_file_name` varchar(255) collate utf8_unicode_ci default NULL,
  `imga_content_type` varchar(255) collate utf8_unicode_ci default NULL,
  `imga_file_size` int(11) default NULL,
  `imga_updated_at` datetime default NULL,
  `short_synopsis` varchar(40) collate utf8_unicode_ci default NULL,
  PRIMARY KEY  (`id`),
  KEY `index_artifacts_on_artifact_type_id` (`artifact_type_id`),
  KEY `index_artifacts_on_url_key` (`url_key`)
) ENGINE=InnoDB AUTO_INCREMENT=19 DEFAULT CHARSET=utf8 COLLATE=utf8_unicode_ci;
SET character_set_client = @saved_cs_client;

--
-- Dumping data for table `artifacts`
--

LOCK TABLES `artifacts` WRITE;
/*!40000 ALTER TABLE `artifacts` DISABLE KEYS */;
INSERT INTO `artifacts` VALUES (2,'xmn8','Hair Tonic','Having lost most of his hair due to stress, [Klineman Halpen](/characters/nq8c) almost obsessively consumed hair tonic. However, he was unaware that his [Ood](/groups/gfw6) servant, [Sigma](/characters/hzjw), was actually providing him with Ood graft suspended in a biological compound. The eventual result was that Halpen metamorphosed into an Ood.',2,'2009-11-18 11:54:03','2010-01-26 16:07:08','Halpen_takes_hair_tonic.png','image/png',682465,'2010-01-04 15:03:00','Halpens hair restorer'),(4,'n84h','The TARDIS','Officially referred to as a TT Capsule, the TARDIS ships are the product of advanced [Time Lord](/groups/d325) technology, allowing the occupants to travel anywhere in time and space. The name TARDIS was invented by the [Doctor](/characters/m2qv)\'s granddaughter, Susan who created the acronym from the initials Time and Relative Dimension in Space. \r\n\r\nThe Doctor\'s TARDIS is a now obsolete Type 40 model. The interior of the ship is dimensionally transcendental, which means that it is bigger on the inside than the outside. A fully operational TARDIS has a chameleon circuit that allows the exterior of the ship to change form and to blend in with its surroundings. However, on a visit to [London](/places/wdxm), the chameleon circuit of the Doctor\'s TARDIS malfunctioned and the exterior has remained stuck in the shape of an old fashioned police telephone box ever since.\r\n\r\nThe design and layout of the interior of the TARDIS has frequently changed over the many years that the Doctor has been travelling in it. In one form or another though, it has always had a main control room, known as the Console Room, from which the ship can be operated. However, the Doctor\'s ability to accurately direct the flight of his ship has often been rather hit-and-miss. Amongst other rooms and facilities, the TARDIS also has a large wardrobe, a swimming pool, a laboratory, a zero room, bedrooms, cloisters and a food machine.',2,'2009-11-19 10:49:20','2010-01-25 13:30:23','Picture_27.png','image/png',658449,'2010-01-04 15:03:49','The Doctor\'s time/space vehicle'),(5,'qvcz','The Doctor\'s Message','A message scrawled on the wall of the [house at West Drumlins](/places/96p2) in large black letters. It was written by the [Doctor](/characters/m2qv) in 1969 who left it for [Sally Sparrow](/characters/jfw6) to find over thirty-five years later. Sally has to peel back the wallpaper to read the full message beneath which reads:\r\n\r\nBEWARE THE WEEPING ANGELS. OH, AND DUCK. NO, REALLY, DUCK! SALLY SPARROW DUCK NOW. LOVE FROM THE DOCTOR (1969)',2,'2009-11-19 15:54:07','2010-01-25 13:18:19','message.jpg','image/jpeg',69483,'2010-01-08 10:58:44','A warning from the past'),(6,'54rg','DVD List','[Larry Nightingale](/characters/w963) has compiled a list of seventeen DVDs. On each DVD is an identical [hidden extra](/things/hdxm) known as an Easter egg. When Larry meets [Sally Sparrow](/characters/jfw6), Sally soon realised that the seventeen DVDs on the list are all the DVDs that she herself owns.\r\n\r\nIn 2008, Sally gives the list of DVDs, along with other useful information, to [the Doctor](/characters/m2qv) so that he will have all the information he needs to contact her in 2007.',2,'2009-11-19 15:54:23','2010-01-25 13:25:19','list.jpg','image/jpeg',76575,'2010-01-08 11:02:31','Sally\'s seventeen DVDs'),(9,'zfw6','Sonic Screwdriver','First used by the [Second Doctor](/characters/p4rg), the sonic screwdriver is a hand held, multi-purpose electronic device that resembles a pen torch. Frequently employed by the [Doctor](/characters/3mn8) as a sophisticated lock pick, the sonic screwdriver has also been used to cut through metal, detonate explosives, disable surveillance devices and, occasionally, to unscrew screws (without touching the screws!).\r\n\r\nThe Doctor has used several versions of the sonic screwdriver throughout his lives, either upgrading it or replacing it when the previous model was damaged or lost. The [Fifth Doctor](/characters/mrzf)\'s sonic screwdriver was destroyed by a blast from a Tereleptil\'s gun and he did not acquire a new model until late in his [Seventh Incarnation](/characters/cgf9). The [Tenth Doctor](/characters/m2qv)\'s screwdriver was burnt out when he used ito modify an X-ray scanner. He replaced it with a larger model. ',2,'2009-11-19 16:30:30','2010-01-26 16:09:44','Sonic_screwdriver_2.png','image/png',577180,'2010-01-04 15:03:29','Multi-purpose electronic tool'),(10,'wpmq','The Hand of Omega','A remote stellar manipulator used by the [Time Lords](/groups/d325), Rassilon and Omega in the ancient past of Gallifrey. \r\n\r\nThe [First Doctor](/characters/4zjw) took the all powerful Hand with him when he originally fled Gallifrey and hid the device in a funeral parlour in 1960\'s [London](/places/wdxm). Years later, the [Seventh Doctor](/characters/cgf9) returns to collect the hand and uses it as bate in a trap for [Davros](/characters/b963) and the [Daleks](/groups/284h). \r\n\r\nDavros intends to use the Hand to transform the sun of [Skaro](/places/6mn8), the Dalek homeworld, into an energy source for time travel. However, the Doctor had secretly reprogrammed the Hand. When Davros launched the device, it causes Skaro\'s sun to errupt into a supernova, completely destroying Skaro in the process.',2,'2009-12-21 12:45:44','2010-01-26 11:25:14','handofomega.jpg','image/jpeg',84919,'2010-01-05 11:09:23','A Time Lord stellar manipulator'),(13,'wmn8','Translator Ball','Created by [Ood Operations](/places/6pmq), the translator ball is a device which replaces the [Ood](/groups/gfw6)\'s natural hindbrain. The ball is held within the Oods hand and allows the individual Ood to communicate verbally with their owner. \r\n\r\nDuring the Ood uprising in 4126, rabid Oods were able to use their translator balls as weapons, electrocuting their enemies by smashing the ball against their enemies\' skulls.',2,'2010-01-05 10:36:46','2010-02-01 16:05:20','ball.jpg','image/jpeg',70371,'2010-01-29 10:06:03','Translation device used by the Ood'),(14,'5gf9','TARDIS Key','Without the key, access to the [TARDIS](/things/n84h) is virtually impossible, even for the [Doctor](/characters/3mn8). However, the Doctor has suggested that it might be possible for him to construct a new key if necessary. \r\n\r\nOver the many years of the Doctor\'s travels in his TARDIS, the key has taken on different forms. It has most often resembled a standard Yale key as would probably have been used to open the door of a real police telephone box. However, despite its appearance, the key is the product of highly sophisticated [Time Lord](/groups/d325) technology.\r\n\r\nThe key has been seen to glow and become warm when the TARDIS is about to materialise in its vicinity. The Doctor has, on occasions, used his TARDIS key to gain access to another Time Lord\'s TARDIS such as the Rani\'s.\r\n',2,'2010-01-08 11:31:45','2010-01-25 13:46:58','key.jpg','image/jpeg',50155,'2010-01-08 11:32:03','Opens the door of the TARDIS'),(15,'hdxm','DVD','[Larry Nightingale](/characters/w963) and other DVD enthusiasts have discovered that a hidden extra, known as an Easter Egg, has been placed on seventeen DVDs. The extra is a recording of the Doctor apparently holding one side of a conversation. After extensive research, Larry has been unable to discover how these Easter eggs have been added to the DVDs as even the publishers and the manufacturers are unaware of their existence.\r\n\r\nThe Easter egg has, in fact, been placed there by [Billy Shipton](/characters/9dxm) on behalf of the [Doctor](/characters/m2qv). It has been specifically placed on all seventeen of the DVDs owned by [Sally Sparrow](/characters/jfw6).\r\n\r\nSally is able to hold a conversation with the Doctor on the DVD in which he explains vital information to her about the threat of the [Weeping Angels](/groups/xpmq).\r\n',2,'2010-01-08 12:06:29','2010-01-25 13:28:14','dvd.jpg','image/jpeg',77310,'2010-01-08 12:06:29','The Doctor\'s secret message'),(16,'b2qv','Time Ring','A piece of [Time Lord](/groups/d325) technology that resembled a copper bracelet with a three pronged design that could be worn on the wrist.\r\n\r\nThe Time Lords gave the [Doctor](/characters/wx3n) a time ring when they sent him to [Skaro](/places/6mn8) to destroy the [Daleks](/groups/284h). It was pre-programmed to return the Doctor, [Sarah](/characters/9pmq) and [Harry](/characters/wn54) to the [TARDIS](/things/n84h) once the mission had been completed.',2,'2010-01-14 12:05:02','2010-01-25 15:21:16','timering.jpg','image/jpeg',49370,'2010-01-18 09:40:44','Time Lord time travel device'),(17,'9q8c','Nitro-9','A volatile explosive that [Ace](/characters/rjbd) created at school where it destroyed the science building. Ace uses deodorant cans to carry the cocktail. \r\n\r\nThe [Doctor](/characters/cgf9) disapproves of Ace\'s use of Nitro-9 but has in fact employed it himself to destroy a [Dalek](/groups/284h). Ace has also used it destroy a Cyberman shuttlecraft and to gain access to King Arthur\'s spaceship.',2,'2010-01-14 13:29:59','2010-01-26 11:21:45','nitro.jpg','image/jpeg',76189,'2010-01-14 13:29:58','Ace\'s homemade explosives'),(18,'vb9x','The Doctor\'s Hand','In a fight with the Sycorax leader on the Sycorax spacecraft above [London](/places/wdxm), the Leader cut off the [Doctor](/characters/m2qv)\'s right hand. The severed hand fell from the ship to London below. \r\n\r\nThe hand was eventually found and kept by [Captain Jack Harkness](/characters/hb9x) at Torchwood Three in Cardiff. Jack used the hand as a way to detect the Doctor as it would glow whenever the Doctor was in the vicinity. When Jack joined the Doctor in the [TARDIS](/things/n84h) once again, he brought the hand with him.\r\n\r\nThe hand, along with the TARDIS, was captured by the Master who used the hand to extract the Doctor\'s biological code and aged the Doctor by a hundred years.\r\n\r\nFollowing this, the hand remained in the TARDIS. When the Doctor was shot by a [Dalek](/groups/284h), he managed to avoid full regeneration by re-directing the excess regenerative energy into the hand. When [Donna Noble](/characters/2n54) touched the hand, the absorbed regenerative energy allowed triggered a metacrisis and the hand grew into a new version of the Tenth Doctor.',2,'2010-01-19 10:45:15','2010-01-26 14:57:33','hand.jpg','image/jpeg',52715,'2010-01-19 10:45:15','The severed hand of the Doctor');
/*!40000 ALTER TABLE `artifacts` ENABLE KEYS */;
UNLOCK TABLES;

--
-- Table structure for table `belongings`
--

DROP TABLE IF EXISTS `belongings`;
SET @saved_cs_client     = @@character_set_client;
SET character_set_client = utf8;
CREATE TABLE `belongings` (
  `id` int(11) NOT NULL auto_increment,
  `artifact_id` int(11) default NULL,
  `character_id` int(11) default NULL,
  `created_at` datetime default NULL,
  `updated_at` datetime default NULL,
  PRIMARY KEY  (`id`),
  KEY `index_belongings_on_artifact_id` (`artifact_id`),
  KEY `index_belongings_on_character_id` (`character_id`)
) ENGINE=InnoDB AUTO_INCREMENT=36 DEFAULT CHARSET=utf8 COLLATE=utf8_unicode_ci;
SET character_set_client = @saved_cs_client;

--
-- Dumping data for table `belongings`
--

LOCK TABLES `belongings` WRITE;
/*!40000 ALTER TABLE `belongings` DISABLE KEYS */;
INSERT INTO `belongings` VALUES (1,4,10,'2009-11-19 10:52:53','2009-11-19 10:52:53'),(2,4,34,'2009-12-22 11:13:24','2009-12-22 11:13:24'),(3,10,34,'2009-12-22 11:13:38','2009-12-22 11:13:38'),(4,4,33,'2009-12-22 16:22:50','2009-12-22 16:22:50'),(5,4,29,'2009-12-22 16:23:02','2009-12-22 16:23:02'),(6,9,10,'2010-01-04 16:28:17','2010-01-04 16:28:17'),(7,16,29,'2010-01-14 13:23:38','2010-01-14 13:23:38'),(8,17,35,'2010-01-14 13:30:24','2010-01-14 13:30:24'),(9,4,11,'2010-01-18 12:31:28','2010-01-18 12:31:28'),(10,14,11,'2010-01-18 12:31:38','2010-01-18 12:31:38'),(11,9,11,'2010-01-18 12:31:49','2010-01-18 12:31:49'),(12,13,23,'2010-02-01 15:10:52','2010-02-01 15:10:52'),(13,14,33,'2010-02-01 15:14:51','2010-02-01 15:14:51'),(14,4,49,'2010-02-01 15:15:17','2010-02-01 15:15:17'),(15,14,49,'2010-02-01 15:15:25','2010-02-01 15:15:25'),(16,4,50,'2010-02-01 15:15:52','2010-02-01 15:15:52'),(17,14,50,'2010-02-01 15:16:02','2010-02-01 15:16:02'),(18,14,29,'2010-02-01 15:16:44','2010-02-01 15:16:44'),(19,4,51,'2010-02-01 15:17:49','2010-02-01 15:17:49'),(20,14,51,'2010-02-01 15:17:55','2010-02-01 15:17:55'),(21,9,51,'2010-02-01 15:18:01','2010-02-01 15:18:01'),(22,9,29,'2010-02-01 15:18:23','2010-02-01 15:18:23'),(23,9,50,'2010-02-01 15:18:45','2010-02-01 15:18:45'),(24,9,49,'2010-02-01 15:19:00','2010-02-01 15:19:00'),(25,4,52,'2010-02-01 15:19:25','2010-02-01 15:19:25'),(26,14,52,'2010-02-01 15:19:30','2010-02-01 15:19:30'),(27,14,34,'2010-02-01 15:19:48','2010-02-01 15:19:48'),(28,9,34,'2010-02-01 15:19:55','2010-02-01 15:19:55'),(29,4,53,'2010-02-01 15:20:10','2010-02-01 15:20:10'),(30,14,53,'2010-02-01 15:20:16','2010-02-01 15:20:16'),(31,9,53,'2010-02-01 15:20:21','2010-02-01 15:20:21'),(32,14,54,'2010-02-01 15:20:52','2010-02-01 15:20:52'),(33,4,54,'2010-02-01 15:21:00','2010-02-01 15:21:00'),(34,9,54,'2010-02-01 15:21:09','2010-02-01 15:21:09'),(35,18,38,'2010-02-01 15:58:47','2010-02-01 15:58:47');
/*!40000 ALTER TABLE `belongings` ENABLE KEYS */;
UNLOCK TABLES;

--
-- Table structure for table `character_occurrences`
--

DROP TABLE IF EXISTS `character_occurrences`;
SET @saved_cs_client     = @@character_set_client;
SET character_set_client = utf8;
CREATE TABLE `character_occurrences` (
  `id` int(11) NOT NULL auto_increment,
  `event_id` int(11) default NULL,
  `created_at` datetime default NULL,
  `updated_at` datetime default NULL,
  `involvement_type_id` int(11) default NULL,
  `description` text collate utf8_unicode_ci,
  `character_id` int(11) default NULL,
  `position` float default NULL,
  PRIMARY KEY  (`id`),
  KEY `index_character_occurrences_on_event_id` (`event_id`),
  KEY `index_character_occurrences_on_character_id` (`character_id`)
) ENGINE=InnoDB AUTO_INCREMENT=214 DEFAULT CHARSET=utf8 COLLATE=utf8_unicode_ci;
SET character_set_client = @saved_cs_client;

--
-- Dumping data for table `character_occurrences`
--

LOCK TABLES `character_occurrences` WRITE;
/*!40000 ALTER TABLE `character_occurrences` DISABLE KEYS */;
INSERT INTO `character_occurrences` VALUES (35,13,'2009-12-21 12:05:59','2010-01-14 09:58:16',1,'use the Doctor to carry out their plans',31,NULL),(36,13,'2009-12-21 12:06:21','2010-01-14 09:56:37',1,'is initially resentful of being used as an agent by the Time Lords',29,NULL),(37,14,'2009-12-21 12:10:18','2010-01-14 10:09:15',1,'is delighted by the progress of his Dalek creations',26,NULL),(38,14,'2009-12-21 12:10:35','2010-01-18 14:27:55',1,'recognises the Dalek from her previous encounter with the creatures',30,NULL),(39,14,'2009-12-21 12:12:10','2010-01-14 10:10:34',1,'are born out of the ashes of the war on Skaro',32,NULL),(40,15,'2009-12-21 12:14:04','2010-01-14 10:32:25',1,'is torn between betraying the future and saving Sarah and Harry',29,NULL),(41,15,'2009-12-21 12:14:13','2010-01-14 10:33:07',1,'is hungry for the Doctor\'s future knowledge',26,NULL),(42,15,'2009-12-21 12:14:45','2010-01-14 10:33:40',1,'urges the Doctor not to surrender to Davros\'s demands',30,NULL),(43,16,'2009-12-21 12:16:01','2010-01-14 10:50:18',1,'is fascinated by the Doctor\'s proposal',26,NULL),(44,16,'2009-12-21 12:16:41','2010-01-14 10:51:16',1,'gauges Davros\'s mentle stability with a doomsday scenario',29,NULL),(45,17,'2009-12-21 12:17:59','2010-01-14 11:05:49',1,'is overwhelmed by the implications of destroying the Daleks',29,NULL),(46,17,'2009-12-21 12:18:25','2010-01-14 11:06:15',1,'urges the Doctor to destroy the Daleks',30,NULL),(47,18,'2009-12-21 12:20:11','2010-01-14 11:28:04',1,'realises too late that his creations consider him inferior',26,NULL),(48,18,'2009-12-21 12:20:24','2010-01-14 11:31:20',1,'begin their quest for universal domination',32,NULL),(49,19,'2009-12-21 12:22:31','2010-01-14 11:43:39',1,'has no regrets that he was unsuccessful in destroying the Daleks',29,NULL),(50,19,'2009-12-21 12:22:42','2010-01-14 11:44:15',1,'wonders if the Doctor is disappointed that he failed in his mission',30,NULL),(51,20,'2009-12-21 12:50:57','2010-01-14 13:19:35',1,'doesn\'t hesitate in putting a Dalek out of action',34,NULL),(52,20,'2009-12-21 12:51:06','2010-01-18 14:56:45',1,'hands over her Nitro-9 explosives to the Doctor',35,NULL),(53,20,'2009-12-21 12:51:16','2010-01-14 15:29:48',1,'aren\'t afraid to take on a force superior in numbers',48,NULL),(54,21,'2009-12-21 12:54:12','2010-01-14 14:16:45',1,'examines the Dalek transmat station',34,NULL),(55,21,'2009-12-21 12:54:24','2010-01-14 14:17:07',1,'gets a bit worried when a Dalek begins to materialise',35,NULL),(56,22,'2009-12-21 12:56:22','2010-01-14 14:25:16',1,'is cornered by a flying Dalek',34,NULL),(57,22,'2009-12-21 12:56:47','2010-01-14 15:32:03',1,'are able to climb stairs - when they want to',47,NULL),(58,23,'2009-12-21 12:59:38','2010-01-14 14:47:43',1,'is taken by surprise by the landing of the Daleks',34,NULL),(60,24,'2009-12-21 13:07:46','2010-01-15 10:49:38',2,'is deployed against the Renegade Daleks',36,NULL),(61,25,'2009-12-21 13:10:48','2010-01-15 11:01:17',1,'meets the Seventh Doctor for the first time',26,NULL),(62,25,'2009-12-21 13:10:59','2010-01-15 11:01:23',1,'is not surprised to discover Davros\'s involvement',34,NULL),(63,26,'2009-12-21 13:12:12','2010-01-15 11:14:57',1,'is infuriated by the Doctor\'s attempts to defeat him',26,NULL),(64,26,'2009-12-21 13:12:50','2010-01-18 15:00:07',1,'deliberately goads Davros into a rage',34,NULL),(65,27,'2009-12-21 13:14:28','2010-01-15 11:22:28',1,'demonstrates that he is prepared to use ultimate force',26,NULL),(66,29,'2009-12-21 13:17:08','2010-01-15 11:36:58',1,'has lost and flees to escape destruction',26,NULL),(67,30,'2009-12-21 16:07:10','2010-01-19 16:27:12',1,'fears the worst when the Earth vanishes',11,0.382979),(68,30,'2009-12-21 16:07:33','2010-01-15 10:30:17',1,'struggles to understand how the Earth can have disappeared',12,NULL),(69,31,'2009-12-21 16:10:43','2010-01-19 16:27:12',1,'is in awe of the perfect alignment of the planets',11,0.851064),(70,31,'2009-12-21 16:10:59','2010-01-15 15:37:36',1,'wants to know what a planetary power house could be used for',12,NULL),(71,31,'2009-12-21 16:11:09','2010-01-15 15:38:19',1,'is amazed that the Doctor so easily solves the mystery',41,NULL),(72,32,'2009-12-21 16:12:22','2010-01-15 16:02:51',1,'uses her computer, Mr Smith to call the Doctor',30,NULL),(73,32,'2009-12-21 16:12:38','2010-01-15 16:01:15',1,'is unable to communicate with the Doctor\'s other friends',37,NULL),(74,32,'2009-12-21 16:12:50','2010-01-15 16:02:00',1,'boosts the sub-wave network to full power',39,NULL),(75,32,'2009-12-21 16:12:59','2010-01-15 16:02:26',1,'uses Torchwood to transmit the phone message',38,NULL),(76,32,'2009-12-21 16:13:15','2010-01-19 14:54:53',1,'sends the Doctor\'s phone number across the network',3,0.666667),(77,33,'2009-12-21 16:17:30','2010-01-19 16:27:12',1,'is speechless when confronted with his old enemy who he believed dead',11,0.808511),(78,33,'2009-12-21 16:17:37','2010-01-15 16:16:40',1,'confronts the Doctor once again',26,NULL),(79,34,'2009-12-21 16:18:57','2010-01-19 16:27:12',1,'is caught in a Dalek death ray',11,0.680851),(80,34,'2009-12-21 16:19:03','2010-01-15 17:06:23',1,'rushes to the Doctor\'s aid',12,NULL),(81,34,'2009-12-21 16:19:17','2010-01-15 17:06:40',1,'watches in horror as a Dalek exterminates the Doctor',37,NULL),(82,34,'2009-12-21 16:19:28','2010-01-15 17:06:55',1,'arrives in time to dispatch the Dalek',38,NULL),(83,34,'2009-12-21 16:19:41','2010-01-15 17:07:15',1,'don\'t lose an opportunity to kill the Doctor',32,NULL),(84,35,'2009-12-21 16:22:02','2010-01-18 16:26:19',1,'explains how he intends to destroy the whole of reality',26,NULL),(85,35,'2009-12-21 16:22:23','2010-01-19 16:27:12',1,'is appalled by Davros\'s scheme for universal domination',11,0.638298),(86,36,'2009-12-21 16:23:09','2010-01-19 12:26:26',1,'is created from the Doctor\'s severed hand',42,NULL),(87,36,'2009-12-21 16:23:15','2010-01-19 12:26:54',1,'is amazed to see a new Doctor take shape before her',12,NULL),(88,37,'2009-12-21 16:24:03','2010-01-19 12:20:13',1,'threatens to destroy the Dalek\'s Crucible',38,NULL),(89,37,'2009-12-21 16:24:09','2010-01-19 12:19:55',1,'recalls the face of Sarah Jane Smith from Skaro',26,NULL),(90,38,'2009-12-21 16:24:55','2010-01-19 14:52:22',1,'accuses the Doctor of using his friends as weapons',26,NULL),(91,38,'2009-12-21 16:25:02','2010-01-19 14:53:08',1,'is prepared to sacrifice herself to save the Earth',30,NULL),(92,38,'2009-12-21 16:25:09','2010-01-19 14:53:34',1,'will detonate the warp star crystal if he has to',38,NULL),(93,39,'2009-12-21 16:25:56','2010-01-19 15:39:47',1,'is suddenly powerless when Donna takes control',26,NULL),(94,39,'2009-12-21 16:26:08','2010-01-19 15:40:10',1,'deduces that Donna is now part Time Lord',42,NULL),(96,39,'2009-12-21 16:26:46','2010-01-19 15:40:33',1,'has been trasnformed into Time Lord/human hybrid',12,NULL),(97,40,'2009-12-21 16:27:55','2010-01-19 15:56:53',1,'is furious at Dalek Caan\'s betrayal of the Dalek race',26,NULL),(98,40,'2009-12-21 16:28:53','2010-01-19 15:57:14',1,'reveals that he has been working against the Daleks all along',43,NULL),(99,41,'2009-12-21 16:30:00','2010-02-01 15:05:39',1,'has no reservations about eliminating the Dalek threat forever',42,NULL),(100,41,'2009-12-21 16:30:07','2010-02-01 15:04:32',NULL,'can only watch as his Dalek creations are destroyed around him',26,NULL),(101,42,'2009-12-21 16:31:45','2010-01-19 16:27:12',1,'is willing to save Davros, despite what he has done',11,0.702128),(102,42,'2009-12-21 16:35:03','2010-01-19 16:26:45',1,'declines the Doctor\'s offer to come aboard the TARDIS',26,NULL),(103,43,'2009-12-21 16:35:58','2010-01-19 16:46:31',1,'chooses the love of a good Doctor',37,NULL),(104,43,'2009-12-21 16:36:23','2010-01-19 16:47:07',1,'is half-human and will grow old and die rather than regenerate',42,NULL),(105,43,'2009-12-21 16:36:40','2010-01-19 16:47:53',1,'says goodbye to Rose and leaves her with his half-human self',11,0.734043),(106,44,'2009-12-21 16:37:52','2010-01-19 17:03:45',1,'regrets having to take Donna\'s memories from her',11,0.531914),(107,44,'2009-12-21 16:38:11','2010-01-19 17:03:28',1,'wanted to spend the rest of her life travelling in the TARDIS with the Doctor',12,NULL),(108,29,'2009-12-23 11:11:25','2010-01-15 11:37:26',1,'are left to be destroyed on the doomed mothership',47,NULL),(109,28,'2009-12-23 11:11:57','2010-01-15 11:30:47',1,'realises that he has been a victim of the Doctor\'s scheming',26,NULL),(111,45,'2010-01-05 10:38:57','2010-01-21 11:00:19',2,'is consumed by red eye and attacks his master',20,NULL),(112,46,'2010-01-05 10:42:58','2010-01-21 10:58:46',1,'prepares Halpen\'s hair tonic for him',21,NULL),(113,46,'2010-01-05 10:43:12','2010-01-21 10:59:24',1,'blames his hair loss on the stress of running Ood Operations ',13,NULL),(114,47,'2010-01-05 10:46:04','2010-01-21 10:55:32',1,'attempts to comfort the wounded the Ood Delta 50',12,NULL),(115,47,'2010-01-05 10:46:17','2010-01-21 10:58:03',1,'is too late to save the dieing Ood',11,0.0638298),(116,47,'2010-01-05 10:46:27','2010-01-21 10:56:11',1,'tells the Doctor and Donna that the circle must be broken',20,NULL),(117,48,'2010-01-05 10:49:03','2010-01-21 11:46:08',1,'is angered by the enslavement and mutilation of the Ood',11,0.0957449),(118,48,'2010-01-05 10:49:11','2010-01-21 11:44:57',1,'is appalled by humanity\'s treatment of the Ood',12,NULL),(119,48,'2010-01-05 10:49:23','2010-01-21 11:45:30',1,'have been subjugated by manking for centuries',23,NULL),(120,49,'2010-01-05 10:51:27','2010-01-21 10:54:02',1,'turn on their masters with murderous intent',23,NULL),(121,50,'2010-01-05 10:54:20','2010-01-21 11:55:20',1,'has been held captive for centuries',19,NULL),(123,50,'2010-01-05 10:54:59','2010-01-21 11:56:11',1,'finds his theories are correct when he discovers the Ood Brain',11,0.132979),(124,50,'2010-01-05 10:55:08','2010-01-21 11:55:40',1,'is amazed to see the giant living Ood Brain',12,NULL),(127,51,'2010-01-05 11:01:30','2010-01-21 15:14:08',1,'is horrofied to learn the truth of Ood Sigma\'s betrayal',13,NULL),(128,51,'2010-01-05 11:01:38','2010-01-21 15:14:35',1,'can\'t believe her own eyes as Halpen transforms into an Ood',12,NULL),(129,51,'2010-01-05 11:01:48','2010-01-21 15:16:36',1,'marvels at the fantastic transformation brought about by the Ood graft',11,0.172872),(130,51,'2010-01-05 11:01:57','2010-01-21 15:15:58',1,'has been patiently planning the Ood\'s revenge on Halpen',21,NULL),(131,52,'2010-01-05 11:04:05','2010-01-21 15:35:59',1,'is free to sing again after many years of imprisonment',19,NULL),(132,52,'2010-01-05 11:04:14','2010-01-21 15:37:27',1,'has the honour of releasing the Ood Brain from captivity',11,0.214096),(133,52,'2010-01-05 11:04:22','2010-01-21 15:36:23',1,'is overjoyed that the Ood have been set free',12,NULL),(134,52,'2010-01-05 11:04:32','2010-01-21 15:36:49',1,'joins the song of freedom sung by Ood across the Universe',21,NULL),(135,53,'2010-01-05 11:06:12','2010-01-21 15:51:45',1,'senses that the Doctor\'s own song may end soon',21,NULL),(136,53,'2010-01-05 11:06:20','2010-01-21 15:52:08',1,'is happy to continue her journeys with the Doctor',12,NULL),(137,53,'2010-01-05 11:06:28','2010-01-21 15:53:05',1,'is slightly troubled by Ood Sigma\'s prophecy',11,0.23504),(138,54,'2010-01-05 12:04:22','2010-01-05 12:04:22',1,'',37,NULL),(139,54,'2010-01-05 12:04:31','2010-01-19 16:27:12',1,'',11,0.468085),(140,54,'2010-01-05 12:04:42','2010-01-05 12:04:42',1,'',23,NULL),(141,55,'2010-01-05 12:06:42','2010-01-05 12:06:42',1,'',23,NULL),(143,55,'2010-01-05 12:10:03','2010-01-19 16:27:12',1,'',11,0.510638),(144,55,'2010-01-05 12:10:13','2010-01-05 12:10:13',1,'',37,NULL),(146,56,'2010-01-08 11:20:06','2010-01-18 11:27:20',1,'nervously explores the abandoned house at Wester Drumlins',1,NULL),(147,57,'2010-01-08 11:21:16','2010-01-13 12:15:43',1,'discovers a hidden message addressed to her from the past',1,NULL),(148,58,'2010-01-08 11:21:58','2010-01-13 12:16:36',1,'wonders how a statue could throw a rock at her',1,NULL),(150,59,'2010-01-08 11:27:31','2010-01-18 11:30:34',1,'meets Larry Nightingale for the first time and sees more than she\'d like to',1,NULL),(151,59,'2010-01-08 11:27:37','2010-01-18 11:31:23',1,'is irritated by her brother and wishes he would cover his embarrassment',2,0.034722),(152,59,'2010-01-08 11:27:44','2010-01-18 11:30:54',1,'has a late night visitor and forgets to wear his pants',4,NULL),(153,60,'2010-01-08 11:28:15','2010-01-13 12:18:25',1,'persaudes Kathy to return with her to the Wester Drumlins House',1,NULL),(154,60,'2010-01-08 11:28:23','2010-01-13 12:18:33',1,'keeps Sally company as they explore the old house',2,0.222221),(155,61,'2010-01-08 11:32:57','2010-01-13 12:19:27',1,'suspects a sick joke when she receives a letter and photographs from her friend',1,NULL),(156,61,'2010-01-08 11:33:08','2010-01-13 12:20:47',1,'becomes and unsuspecting victim of the Weeping Angels',2,0.409722),(157,61,'2010-01-08 11:33:30','2010-01-13 12:19:33',1,'fulfils his promise to his grandmother and delivers a letter to Sally Sparrow',6,NULL),(158,61,'2010-01-08 11:33:42','2010-01-13 12:19:57',2,'strike, sending Kathy into the past and feasting on her time energy',8,NULL),(159,62,'2010-01-08 11:37:02','2010-01-13 12:21:22',1,'learns about the appearance of the Doctor\'s hidden DVD message',1,NULL),(160,62,'2010-01-08 11:37:09','2010-01-13 12:21:31',1,'enjoys sharing his knowledge of DVD trivia with Sally',4,NULL),(161,63,'2010-01-08 11:54:10','2010-01-13 12:40:41',1,'meets Billy and discovers Kathy isn\'t the only person to go missing',1,NULL),(162,63,'2010-01-08 11:54:22','2010-01-13 15:12:29',1,'takes a shine to Sally and is happy share his knowledge with her',5,0.571429),(163,64,'2010-01-08 11:59:08','2010-01-19 16:27:12',1,'tells Billy about time travel and evil angels',11,0.425532),(164,64,'2010-01-08 11:59:14','2010-01-19 14:54:53',1,'has a few kind words for Billy after his ordeal',3,0.444444),(165,64,'2010-01-08 11:59:21','2010-01-13 15:14:45',1,'is dazed and confused by his experience of time travel',5,0.785715),(166,65,'2010-01-08 12:03:10','2010-01-13 12:55:59',1,'meets the elderly Billy and listens to his story',1,NULL),(167,65,'2010-01-08 12:03:17','2010-01-13 15:15:20',1,'meets Sally Sparrow just one more time and passes on his messge',5,0.892857),(168,66,'2010-01-08 12:07:02','2010-01-19 16:27:12',1,'is able to speak to Sally from the past via DVD',11,0.0425532),(169,66,'2010-01-08 12:07:10','2010-01-13 13:08:14',1,'finds it hard to believe that she can have a conversation with a DVD',1,NULL),(171,67,'2010-01-08 12:10:31','2010-01-13 13:19:08',1,'does his best to keep looking at the Angels to prevent them moving',4,NULL),(172,67,'2010-01-08 12:10:44','2010-01-13 13:19:40',1,'hopes that the Doctor\'s TARDIS can save them from the Angels',1,NULL),(173,67,'2010-01-08 12:11:00','2010-01-13 13:20:12',2,'are desperate to gain access to the TARDIS',8,NULL),(175,68,'2010-01-08 12:12:30','2010-01-13 13:28:56',1,'is terrified by the Angels as the TARDIS dematerialises',4,NULL),(176,68,'2010-01-08 12:12:42','2010-01-13 13:29:31',2,'become the victims of the Doctor\'s trap as they gaze upon each other',8,NULL),(177,69,'2010-01-08 12:13:45','2010-01-19 16:27:12',1,'is delighted to meet Sally for the first time',11,0.340426),(178,69,'2010-01-08 12:14:26','2010-01-19 14:54:53',1,'is eager that the Doctor shouldn\'t be distracted from their mission',3,0.222222),(179,69,'2010-01-08 12:14:39','2010-01-18 11:40:47',1,'is happy as Larry to find his feelings for Sally being returned',4,NULL),(180,69,'2010-01-08 12:14:51','2010-01-13 13:39:55',1,'solves the mystery of how the Doctor knew how to contact her',1,NULL),(182,66,'2010-01-08 13:07:40','2010-01-13 13:09:41',1,'finally solves the mystery of the Easter egg message',4,NULL),(183,70,'2010-01-12 15:58:27','2010-01-13 12:13:37',1,'finds it hard to accept that she has travelled through time and space',2,0.729168),(184,70,'2010-01-12 15:58:34','2010-01-13 12:13:27',1,'takes an immediate liking to the strange girl from nowhere',7,NULL),(185,68,'2010-01-13 13:30:04','2010-01-13 13:30:04',1,'fears that the Doctor has abandoned her at the last moment',1,NULL),(186,15,'2010-01-14 12:10:05','2010-01-14 12:10:05',1,'is tortured by Davros to force the Doctor\'s hand',46,NULL),(187,17,'2010-01-14 12:10:58','2010-01-14 12:10:58',1,'helps prepare the explosives that could destroy the Daleks',46,NULL),(188,19,'2010-01-14 12:12:08','2010-01-14 12:12:08',1,'is relieved to have survived another adventure with the Doctor',46,NULL),(189,23,'2010-01-14 14:48:13','2010-01-14 14:48:13',1,'nearly gets caught in the blast as the Dalek ship lands',35,NULL),(190,23,'2010-01-14 14:48:57','2010-01-14 15:33:36',2,'disembark to find the Hand of Omega',47,NULL),(191,24,'2010-01-15 10:39:18','2010-01-15 10:50:14',2,'are on a mission to retrieve the Hand of Omega',47,NULL),(192,24,'2010-01-15 10:39:29','2010-01-15 10:50:35',2,'retaliate against the Imperial Dalek attack',48,NULL),(193,27,'2010-01-15 11:21:53','2010-01-15 11:21:53',1,'begs Davros not to use the Hand of Omega',34,NULL),(194,28,'2010-01-15 11:30:00','2010-01-15 11:30:00',1,'takes no joy in defeating Davros and his Daleks',34,NULL),(195,28,'2010-01-15 11:30:21','2010-01-15 11:30:21',1,'witness the destruction of their home planet',47,NULL),(196,29,'2010-01-15 11:36:15','2010-01-15 11:38:07',1,'has condemned the Daleks to their fate',34,NULL),(197,33,'2010-01-15 16:17:41','2010-01-15 16:17:41',1,'can\'t believe she is seeing Davros once again',30,NULL),(198,33,'2010-01-15 16:18:11','2010-01-15 16:18:11',1,'is revulted by Davros\'s grotesque appearance',12,NULL),(199,33,'2010-01-15 16:20:13','2010-01-15 16:20:13',1,'is delighted at the prospect of the Doctor\'s return',43,NULL),(200,35,'2010-01-18 16:25:49','2010-01-18 16:25:49',1,'listens in horror to Davros\'s insane plan',37,NULL),(201,37,'2010-01-19 12:17:28','2010-01-19 16:27:12',1,'is a prisoner of Davros and the Daleks',11,0.595745),(202,37,'2010-01-19 12:17:40','2010-01-19 12:19:30',1,'is ready to fight Davros',30,NULL),(203,37,'2010-01-19 12:25:26','2010-01-19 12:25:26',1,'is amazed to see her mother with Captain Jack, Sarah and Mickey',37,NULL),(204,38,'2010-01-19 12:39:18','2010-01-19 14:54:00',1,'delights in the Doctor\'s humiliation',43,NULL),(205,38,'2010-01-19 12:40:36','2010-01-19 14:54:20',1,'tells the Doctor that Harriet Jones gave her life for him',37,NULL),(206,38,'2010-01-19 12:41:06','2010-01-19 14:54:53',1,'posesses the means to destroy the Earth to save it from the Daleks',3,0.777778),(207,39,'2010-01-19 15:41:44','2010-01-19 16:27:12',1,'is amazed that Donna has been able to defeat Davros and the Daleks',11,0.893617),(208,40,'2010-01-19 15:56:29','2010-01-19 16:27:12',1,'deduces that Dalek Caan has been manipulating the time lines',11,0.93617),(209,41,'2010-01-19 16:08:47','2010-02-01 15:04:38',NULL,'is unsure about the hybrid Doctor\'s drastic course of action',12,NULL),(210,41,'2010-01-19 16:10:11','2010-02-01 15:04:44',NULL,'is insistent that his prophecy must be fulfilled',43,NULL),(211,41,'2010-01-19 16:19:33','2010-02-01 15:04:57',NULL,'is horrofied at his alternative self\'s ruthless actions',11,0.946809),(212,42,'2010-01-19 16:26:14','2010-01-19 16:26:14',1,'knows that one part of his propecy has still to come true',43,NULL),(213,41,'2010-02-01 15:03:43','2010-02-01 15:03:43',NULL,'are destroyed by the Doctor\'s duplicate',32,NULL);
/*!40000 ALTER TABLE `character_occurrences` ENABLE KEYS */;
UNLOCK TABLES;

--
-- Table structure for table `character_types`
--

DROP TABLE IF EXISTS `character_types`;
SET @saved_cs_client     = @@character_set_client;
SET character_set_client = utf8;
CREATE TABLE `character_types` (
  `id` int(11) NOT NULL auto_increment,
  `key` varchar(255) collate utf8_unicode_ci default NULL,
  `created_at` datetime default NULL,
  `updated_at` datetime default NULL,
  `is_group` tinyint(1) default '0',
  PRIMARY KEY  (`id`),
  KEY `index_character_types_on_key` (`key`)
) ENGINE=InnoDB AUTO_INCREMENT=4 DEFAULT CHARSET=utf8 COLLATE=utf8_unicode_ci;
SET character_set_client = @saved_cs_client;

--
-- Dumping data for table `character_types`
--

LOCK TABLES `character_types` WRITE;
/*!40000 ALTER TABLE `character_types` DISABLE KEYS */;
INSERT INTO `character_types` VALUES (1,'individual','2009-11-17 17:26:25','2009-11-17 17:26:25',0),(2,'species','2009-11-17 17:28:25','2010-01-13 13:46:31',1),(3,'Organisation','2009-12-21 15:57:55','2009-12-21 15:57:55',1);
/*!40000 ALTER TABLE `character_types` ENABLE KEYS */;
UNLOCK TABLES;

--
-- Table structure for table `characters`
--

DROP TABLE IF EXISTS `characters`;
SET @saved_cs_client     = @@character_set_client;
SET character_set_client = utf8;
CREATE TABLE `characters` (
  `id` int(11) NOT NULL auto_increment,
  `url_key` varchar(255) collate utf8_unicode_ci NOT NULL,
  `title` varchar(255) collate utf8_unicode_ci default NULL,
  `long_synopsis` text collate utf8_unicode_ci,
  `character_type_id` int(11) default NULL,
  `created_at` datetime default NULL,
  `updated_at` datetime default NULL,
  `imgc_file_name` varchar(255) collate utf8_unicode_ci default NULL,
  `imgc_content_type` varchar(255) collate utf8_unicode_ci default NULL,
  `imgc_img_file_size` int(11) default NULL,
  `imgc_updated_at` datetime default NULL,
  `strapline` varchar(255) collate utf8_unicode_ci default NULL,
  `short_synopsis` varchar(40) collate utf8_unicode_ci default NULL,
  `time_traveller` tinyint(1) default NULL,
  `disposition` varchar(255) collate utf8_unicode_ci default NULL,
  PRIMARY KEY  (`id`),
  KEY `index_characters_on_url_key` (`url_key`),
  KEY `index_characters_on_character_type_id` (`character_type_id`)
) ENGINE=InnoDB AUTO_INCREMENT=56 DEFAULT CHARSET=utf8 COLLATE=utf8_unicode_ci;
SET character_set_client = @saved_cs_client;

--
-- Dumping data for table `characters`
--

LOCK TABLES `characters` WRITE;
/*!40000 ALTER TABLE `characters` DISABLE KEYS */;
INSERT INTO `characters` VALUES (1,'jfw6','Sally Sparrow','A young, attractive woman with long blonde hair. Sally lives in [London](/places/wdxm) and has a strong interest in photography. In particular, she likes to take pictures of old things and enjoys the melancholic feelings that she has for ancient objects and buildings.\r\n\r\nSally\'s hobby takes her to an old abandoned house where she finds a message addressed to her that was written before she was born. In the course of her investigation into the mystery, Sally loses her best friend [Kathy](/characters/fb9x), and meets her future partner, [Larry](/characters/w963).',1,'2009-11-17 17:30:25','2010-01-25 11:48:48','sallysparrow.jpg','image/jpeg',NULL,'2010-01-04 14:56:18','Addicted to the past','Addicted to the past',0,'Goodie'),(2,'fb9x','Kathy Nightingale','An attractive, dark haired girl in her early twenties with a bubbly and enthusiastic personality. In 2007, with both her parents deceased, Katherine Costello Nightingale lives in [London](/places/wdxm) and shares a house with her brother, [Larry](/characters/w963). Although she loves her brother, Kathy sometimes despairs of his laid-back approach to life. Kathy enjoys a warm friendship with her friend, [Sally Sparrow](/characters/jfw6).\r\n\r\nWhen Kathy accompanies Sally to the [Wester Drumlins House](/places/96p2), she encounters the [Weeping Angels](/groups/xpmq) and is thrown back in time to Hull in 1920. There she meets [Ben Wainwright](/characters/6x3n) whom she will eventually marry and begin a new life with.',1,'2009-11-17 17:30:43','2010-01-25 11:46:34','kathyn.jpg','image/jpeg',NULL,'2010-01-04 14:52:23','Friend of Sally Sparrow','Friend of Sally Sparrow',1,'Goodie'),(3,'bwdp','Martha Jones','When the Royal Hope Hospital is transported to the Moon by the Judoon, student doctor, Martha Jones, is amongst those abducted in the building. Able to keep a cool head, Martha meets the [Doctor](/characters/m2qv) and works with him to help resolve the crisis. She then joins him on his travels in the [TARDIS](/things/n84h).\r\n\r\nThe daughter of Francine and Clive Jones, Martha has a sister, Tish and a brother, Leo. Her cousin, Adeoli Oshodi was killed by the Cybermen whilst working at Torchwood in Canary Wharf.\r\n\r\nAfter travelling with the Doctor for a while, Martha chooses to leave the TARDIS when it became clear that her romantic feelings for the Doctor were not being returned. She subsequently joins UNIT and, for a brief time, works with [Captain Jack Harkness](/characters/hb9x) at Torchwood Three in Cardiff. \r\n\r\nEngaged to Doctor Thomas Milligan, the relationship wasn\'t to last. Martha eventually married Mickey Smith and together the couple became freelance alien fighters.',1,'2009-11-17 17:30:52','2010-01-25 11:47:41','martha.jpg','image/jpeg',NULL,'2010-01-12 12:44:44','Companion to the Tenth Doctor','Companion to the Tenth Doctor',1,'Goodie'),(4,'w963','Larry Nightingale','With tousled blonde hair and a slightly scruffy appearance, Laurence Nightingale is single, in his twenties, has a laid-back approach to life and is a bit of a geek. He works for a London based DVD shop called [Bantos](/places/vfw6). Larry is the proud owner of a large library of DVDs and is obsessed with hidden DVD extras, known as Easter Eggs, which he enjoys discussing on internet chat forums.\r\n\r\nBoth Larry\'s parents are deceased and he shares a house with his sister, [Kathy](/characters/fb9x). It is through Kathy that Larry first meets [Sally Sparrow](/characters/jfw6) with whom he will eventually become romantically involved.',1,'2009-11-17 17:31:02','2010-01-25 11:47:16','larry.jpg','image/jpeg',NULL,'2010-01-04 14:53:33','Amiable geek','Amiable geek',0,'Goodie'),(5,'9dxm','Billy Shipton','A good-looking and confident young Caribbean man in his twenties. Billy is a detective inspector in the London Metropolitan Police Force. \r\n\r\nFor two years prior to 2007, Billy has been principal investigator of a series of unsolved disappearances at the [Wester Drumlins House](/places/96p2). Unfortunately, Billy also disappears when he is thrown back in time to 1969 by the [Weeping Angels](/groups/xpmq). There he meets the [Doctor](/characters/m2qv) who asks Billy to help him, a request that will take Billy a lifetime to fulfil.',1,'2009-11-17 17:31:12','2010-01-25 11:44:11','billy.jpg','image/jpeg',NULL,'2010-01-04 14:46:25','Detective Inspector','Detective Inspector',1,'Goodie'),(6,'d6p2','Malcolm Wainwright','A well dressed and fastidious young man in his thirties with fair hair. He is the grandson of [Katherine](/characters/fb9x) and [Ben Wainwright](/characters/6x3n). Prior to her death, Malcolm\'s grandmother wrote a letter which she asked Malcolm to deliver to [Sally Sparrow](/characters/jfw6) at the [Wester Drumlins House](/places/96p2) on a very specific date and time. Malcolm promised to honour the request and remained true to his word.',1,'2009-11-17 17:31:21','2010-01-25 11:47:30','malcolm.jpg','image/jpeg',NULL,'2010-01-04 14:53:51','Grandson of Kathy Nightingale','Grandson of Kathy Nightingale',0,'Goodie'),(7,'6x3n','Ben Wainwright','Resident in Hull in 1920, Ben is a working class, twenty-three-year-old, single young man with an eye out for his bride-to-be. When [Kathy Nightingale](/characters/fb9x) approaches him, Ben is immediately drawn to her.',1,'2009-11-17 17:31:30','2010-01-25 11:44:25','ben.jpg','image/jpeg',NULL,'2010-01-08 10:35:28','Husband of Kathy Nightingale','No description available',0,'Goodie'),(8,'xpmq','The Weeping Angels','Very nearly as old as the Universe itself, the Weeping Angels, or Lonely Assassins as they are sometimes known, are a species of fanged, winged humanoids. \r\n\r\nPossessing a natural and unique defence mechanism, the Angels are quantum locked. This means that they can only move when no other living creature, including their own kind, is looking at them. As soon as they are observed, they instantly turn to stone and cannot be killed.\r\n\r\nThe Angels have the ability to send other beings into the past. This allows the Angels to feed on the potential time energy of what would have been the rest of their victim\'s lives.',2,'2009-11-17 17:31:38','2010-01-25 11:53:16','angels.jpg','image/jpeg',NULL,'2010-01-08 10:52:06','The lonely assassins','The lonely assassins',0,'Baddie'),(10,'3mn8','The Doctor','A wanderer in time and space, the Doctor explores the Universe in his ship the TARDIS. He uses his amazing abilities and vast knowledge and experience to come to the aid of the weak and the oppressed. \r\n\r\nThe Doctor was born and raised as a Time Lord on the planet Gallifrey. As the years passed, the Doctor became disillusioned with Time Lord society, arriving at the belief that instead of just being observers, they should use their great powers to explore the Universe and help those in need. Accompanied by his granddaughter, Susan, the Doctor stole a TARDIS and fled Gallifrey to experience distant worlds and alien cultures first-hand. There is evil in the Universe and the Doctor is committed to opposing it wherever he encounters it.\r\n',1,'2009-11-17 17:31:54','2010-02-01 15:26:26','Picture_14.png','image/png',NULL,'2010-01-04 14:57:28','A wanderer in time and space','The champion of time',0,'Goodie'),(11,'m2qv','The Tenth Doctor','Manic, playful and bursting with enthusiasm, the Tenth Doctor has a childish delight for his travels through time and space. \r\n\r\nTotally intolerant of those he considers his enemy, the Tenth Doctor can be ruthless in dispensing justice, frequently driven by a raging, self-righteous anger. In particular, he is fiercely protective of his companions and those that he allows himself to grow close to.\r\n\r\nAlthough frequently projecting a joyous and charming persona, the Tenth Doctor suffers from loneliness and perhaps appreciates the company of his travelling companions even more than his predecessors. The loss of his own people in the [Last Great Time War](/stories/cb9x) and his part in their downfall is never far from his mind.',1,'2009-11-17 17:32:02','2010-01-25 11:52:45','The-10th-Doctor-1.jpg','image/jpeg',NULL,'2010-01-04 14:58:25','The tenth incarnation of the Time Lord','The tenth incarnation of the Time Lord',1,'Goodie'),(12,'2n54','Donna Noble','Fiercely independant and forthright in her opinions, Donna was a fiesty read-headed travelling companion for the [Tenth Doctor](/characters/m2qv). \r\n\r\nHaving first met the Doctor on the eve of her wedding on Christmas Eve 2007, Donna turned down the offer to accompany him in the [TARDIS](/things/n84h). However, she would later regret her decision and began actively investigating unusual events in the hope that she would meet the Doctor again. Ultimately she was successful when, in 2009, she encountered the Doctor at the offices of Adipose Industries. Greatful for a second chance, Donna was quick to join the Doctor on his travels, but making it clear that they would never be more than just friends.\r\n\r\nDonna was born in the late 1970s, the daughter of Geoff and Sylvia Noble. Shortly after her aborted wedding in 2007, her father passed away. Until she joined the Doctor on his travels, Donna lived in Chiswick with her mother and her maternal grandfather, Wilfred Mott. Her relationship with her mother was frequently strained, with Sylvia seemingly often disappointed with her daughter\'s life. However, Donna enjoyed a closeness with her grandfather, often sharing confidences with him that remained secret from her mother.',1,'2009-11-17 17:32:10','2010-01-26 14:21:08','donna_noble_l.jpg','image/jpeg',NULL,'2010-01-04 14:37:29','Companion to the Tenth Doctor','Companion to the Tenth Doctor',0,'Goodie'),(13,'nq8c','Klineman Halpen','Klineman Halpen is the Chief Executive of [Ood Operations](/places/6pmq), a job that had been passed down from his Grandfather, to his Father, and eventually, himself. At the age of six he was taken to the [Ood Sphere](/places/32qv) where he saw the [Giant Ood Brain](/characters/crzf) for the first time. \r\n\r\nThe stress of running Ood Operations has taken its toll on Halpen and he is losing his hair. Halpen personal [Ood](/groups/gfw6) assistant, [Sigma](/characters/hzjw), attends to his needs and always has a tumbler of [hair tonic](/things/xmn8) ready for Halpen to drink.',1,'2009-11-17 17:32:18','2010-01-26 15:50:30','Picture_7.png','image/png',NULL,'2010-01-04 14:53:02','','Klineman Halpen was the Chief Executive',0,'Baddie'),(14,'q5vr','Kess','Kess was the Commander of the security force on the Ood Sphere. He was a violent and a mad cold blooded killer who detested the Ood. Kess was charged with capturing the Ood who had the red eye virus and was also charged with capturing the Doctor and Donna Noble.',1,'2009-11-17 17:32:31','2010-01-25 11:46:49','kes.jpg','image/jpeg',NULL,'2010-01-08 10:42:33','','Kess was the Commander of the security',0,'Baddie'),(19,'crzf','Ood Brain','The enormous living brain was the vital connection between all the [Ood](/groups/gfw6) across the galaxies. The Brain allowed the Ood to communicate telepathically and without the Brain, the individual Ood could not survive.\r\n\r\nThe Ood Brain was discovered by mankind beneath the Norther Glacier on the [Ood Sphere](/places/32qv). It was eventually moved to [Warehouse 15](/places/dx3n) at [Ood Operations](/places/6pmq) where it was surrounded by a telepathic barrier. This caused the Brain to be cut off from the individual Ood, allowing them to be enslaved.\r\n\r\n ',1,'2009-11-17 17:33:16','2010-01-26 15:47:23','oodbrain.jpg','image/jpeg',NULL,'2010-01-21 15:29:15','A giant living brain','A giant living brain',0,'Goodie'),(20,'rhgb','Ood Delta 50','Servant to Mr Bartle in [Ood Operations](/places/6pmq). Delta 50 became infected with the \'red eye\' condition and electrocuted Bartle with his [translator ball](/things/wmn8). Fleeing Ood Operations, Delta 50 was shot and wounded but managed to escape to the wilderness of the Ood-Sphere. There he was discovered by the [Tenth Doctor](/characters/m2qv) and [Donna Noble](/characters/2n54). ',1,'2009-11-17 17:33:23','2010-01-26 15:38:54','Ood_Delta_50_2.png','image/png',NULL,'2010-01-04 14:54:56','A rebellious Ood','An Ood that killed his master',0,'Goodie'),(21,'hzjw','Ood Sigma','The personal [Ood](/groups/gfw6) assistant assigned to [Klineman Halpen](/characters/nq8c).Designated as Sigma, the Greek letter is displayed on the right side of his uniform. Like other processed Ood, Sigma\'s hind brain has been removed and replaced with a [translator ball](/things/wmn8).',1,'2009-11-17 17:33:34','2010-01-26 15:42:14','Picture_11.png','image/png',NULL,'2010-01-04 14:55:15','Halpen\'s personal Ood','Halpen\'s personal Ood',0,'Goodie'),(23,'gfw6','The Ood','A race of sentient humanoids that communicate only by telepathy. Although individuals in their own right, the Ood are connected by the giant [Ood Brain](/characters/crzf) which coordinates the entire race allowing them to \'sing\' to each other. Each individual Ood possesses two brains, a forebrain within the Ood\'s body and a second, external hindbrain usually carried in the Ood\'s hands. The vulnerability of the hindbrain makes the Ood a naturally pacifist race.\r\n\r\nThe Ood were discovered and enslaved by humanity. Their connection with the Ood Brain was cut off, reducing their telepathic abilities. Each enslaved Ood had its hindbrain removed and replaced with a [translator ball](/things/wmn8). This operation enabled the Ood to communicate audibly with their human masters and also rendered them servile. ',2,'2009-11-17 17:42:50','2010-01-26 15:44:13','The_Ood.png','image/png',NULL,'2010-01-04 14:48:51','Telepathic humanoids','Telepathic humanoids',0,'Goodie'),(26,'b963','Davros','Crippled and disfigured by a terrible accident, Davros is a humanoid figure permanently encased in a wheelchair that resembles the lower half of a [Dalek](/groups/284h). He is entirely reliant on the mechanisms of his chair to keep him alive. He has only the use of his right arm. He is blind but is able to see by means of a single electronic eye implanted in his forehead. His speech is electronic and not unlike a Dalek.\r\n\r\nA Kaled scientist from the planet [Skaro](/places/6mn8), Davros was born during the thousand year war between the Kaleds and the Thals. Davross research leads him to theorise that the centuries long nuclear war between the Kaleds and Thals will eventually lead to the Kaleds mutating into helpless, immobile organisms.\r\n\r\nDavros creates the Mark 3 Travel Machine, which would later be known as a Dalek (an anagram of Kaled), as a means to allow the Kaled race to survive. However, in the course of his experiments in which he accelerates the Kaled mutation, Davros also removes what he considers to be debilitating emotions from the mutants. The creatures he creates are devoid of pity and compassion and consider themselves to be the superior creatures in the Universe.\r\n\r\n\r\n',1,'2009-11-17 17:44:13','2010-01-25 14:49:00','DOCTORWHOx413x014.jpg','image/jpeg',NULL,'2010-01-04 14:51:09','The insane genius who created the Daleks','Creator of the Daleks. A Kaled scientist',0,'Baddie'),(29,'wx3n','The Fourth Doctor','Immediately recognisable by his curly brown hair, staring eyes and huge grin, the Doctor\'s fourth incarnation is a larger-than-life personality. Usually to be found wearing an enormously long scarf and a large floppy brown hat, the Fourth Doctor has a bohemian nature that defies convention and authority.\r\n\r\nThe Fourth Doctor is quick to break the ties with [Earth](/places/fx3n) that he had made in his third incarnation. Instead, he chooses to return to his life as a wanderer amongst the stars, occasionally, and reluctantly, carrying out missions on behalf of the [Time Lords](/groups/d325).\r\n\r\nAlthough others join the Fourth Doctor on his travels, he is more independent and perhaps less tolerant of his companions than previously. However, his sense of responsibility ensures that he never allows harm to come to any of his friends and he continues to fight against the evil forces of the Universe.',1,'2009-12-21 11:48:21','2010-01-25 14:32:40','doctor4.jpg','image/jpeg',NULL,'2010-01-06 14:37:27','The fourth incarnation of the Time Lord','The fourth incarnation of the Time Lord',0,'Goodie'),(30,'9pmq','Sarah Jane Smith','With a sharp inquisitive mind and strong personality, Sarah is well suited to life aboard the [TARDIS](/things/n84h). In her early twenties when she first meets the [Doctor](/characters/3mn8) in his third incarnation, the direction of Sarah\'s life is dramatically influenced by her experiences with the [Time Lord](/groups/d325).\r\n\r\nWitnessing the Doctor\'s regeneration into his fourth body, Sarah continues to travel with him for a time but eventually leaves the TARDIS when the Doctor is summoned to his home world of Gallifrey. \r\n\r\nThe Doctor later leaves Sarah a Christmas present of a K9 and she encounters him again some years later in his tenth incarnation. Following this meeting, Sarah is reinvigorated with a new sense of purpose. With the Doctor as her inspiration, Sarah establishes a base of operations from her home in Ealing and plays a crucial role in protecting the Earth from alien threats.',1,'2009-12-21 11:48:46','2010-01-25 14:45:06','DOCTORWHOx203x212.jpg','image/jpeg',NULL,'2010-01-04 14:56:43','Companion to the Doctor','Companion to the Doctor',0,'Goodie'),(31,'d325','The Time Lords','The Time Lords of Gallifrey were once one of the strongest forces in the Universe. Their advance science and technology gave them god-like powers which would allow them access to the whole of space and time. However, with such power came great responsibility. The Time Lords chose to only observe the events of the Universe and the interference in the affairs of others, however well intentioned, was strictly forbidden. In time though, the Time Lords did begin to relax their non-interference policy and would occasionally, but covertly, intervene in significant events.\r\n\r\nIt is one such intervention that proves to be the beginning of the Time Lords downfall. When the Time Lords attempt to change [Dalek](/groups/284h) history and avert their creation, the Daleks soon retaliate. Eventually a full scale conflict brakes out between the Daleks and the Time Lords. [The Last Great Time War](/stories/cb9x) would end in the destruction of both races.',2,'2009-12-21 11:49:11','2010-01-25 16:17:57','timelords.jpg','image/jpeg',NULL,'2010-01-07 15:33:24','The mighty rulers of Gallifrey','The mighty rulers of Gallifrey',0,''),(32,'284h','The Daleks','The product of a centuries long war between the Kaleds and the Thals, the Daleks were originally created by the crippled Kaled scientist, [Davros](/characters/b963) as travel machines. Davros had deduced that the years of radiation and chemical poisoning from the war would lead the Kaled race to mutate into immobile organisms. The Dalek travel machines would house these creatures and allow the Kaled race to survive. However, in the course of his experiments, Davros deliberately removed what he considered to be debilitating emotions from the Kaled mutants. \r\n\r\nThe Daleks were born without any ability to feel compassion or pity and were motivated only by hate and fear and an implacable belief that they were the superior creatures in the Universe.\r\n\r\n\r\n',2,'2009-12-21 12:11:38','2010-01-25 14:49:55','daleks.jpg','image/jpeg',NULL,'2010-01-14 15:29:07','The Doctor\'s arch enemies','Totally ruthless race of bio-mechanoids',0,'Baddie'),(33,'4zjw','The First Doctor','With the appearance of an upper class Victorian gentleman, the First Doctor projects an air of authority and superiority. But beneath his seemingly unforgiving persona is a warm heart and an often child-like sense of humour. \r\n\r\nIt was while in his first incarnation that the Doctor stole his [TARDIS](/things/n84h) and escaped Gallifrey with his grandaughter, Susan. After many adventures, they eventually settled for a time on [Earth](/places/fx3n) in 1960\'s [London](/places/wdxm) where Susan attended [Coal Hill School](/places/g963).\r\n\r\nAfter Susan\'s teachers became too curious about her home life, the Doctor abducted them in the TARDIS and once again resumed his travels. ',1,'2009-12-21 12:35:24','2010-02-02 11:39:58','dr1.jpg','image/jpeg',NULL,'2010-01-18 12:47:57','First incarnation of the Time Lord','First incarnation of the Time Lord',0,'Goodie'),(34,'cgf9','The Seventh Doctor','The Doctor\'s seventh incarnation is outwardly charming, witty and playful. Beneath this facade though, lies a darker persona. \r\n\r\nMore devious than his previous incarnations, the Seventh Doctor is secretive and manipulative. Frequently, he deliberately withholds information from those who are closest to him, allowing his companions to fear the worst in dire situations, even when he actually has the upper-hand. \r\n\r\nLike his previous incarnations, the Seventh Doctor fights evil wherever he encounters it. He is completely opposed to physical violence but can be brutal and uncompromising when dispensing justice to his enemies. ',1,'2009-12-21 12:35:43','2010-01-25 11:52:14','doctor7.jpg','image/jpeg',NULL,'2010-01-05 10:48:26','The seventh incarnation of the Time Lord','Devious and manipulative',0,'Goodie'),(35,'rjbd','Ace','A difficult childhood lead teenager \'Dorothy\' to adopt the name Ace along with a tough, streetwise persona. When a bedroom science experiment goes badly wrong, Ace finds herself whisked away by a time storm to Iceworld where she works as a waitress. There she meets the [Seventh Doctor](/characters/cgf9) and joins him on his travels through time and space. \r\n\r\nIndependent, fearless and more than capable of looking after herself, Ace has joined the Doctor in his fight against evil. Although Ace is fiercely loyal to the Doctor, their relationship is tested by the Doctor\'s secretive and manipulative ways. With good intentions, the Doctor has on more than one occasion forced Ace, against her will, to face the demons of her past. Despite these difficult times in their friendship, there is a firm bond between the two travelers and Ace considers the [TARDIS](/things/n84h) her home.',1,'2009-12-21 12:36:02','2010-01-25 15:36:19','ace.jpg','image/jpeg',NULL,'2010-01-06 08:11:55','Fearless companion of the Seventh Doctor','Fearless companion of the Seventh Doctor',0,'Goodie'),(36,'m84h','The Special Weapons Dalek','An [Imperial Dalek](/groups/d5vr) specially adapted to have both greater defensive and offensive capabilities. Its heavy armour allowed it to withstand attacks from intense energy weapon fire. The huge, centrally mounted energy cannon was able to discharge a devastating blast that could complete destroy multiple targets with just one shot.\r\n\r\nA Special Weapons Dalek was deployed against the [Renegade Dalek](/groups/684h) faction during the battle in the [streets of Shoreditch](/places/zb9x), [London](/places/wdxm) in 1963.',1,'2009-12-21 13:01:13','2010-01-26 10:14:13','specialweapons.jpg','image/jpeg',NULL,'2010-01-05 10:51:17','Imperial Dalek with enhanced fire power','Imperial Dalek with enhanced fire power',0,'Baddie'),(37,'rfw6','Rose Tyler','Nineteen-year-old Rose lives with her mother, Jackie, on the Powell Estate in South [London](/places/wdxm). Her father, Pete, died when she was just one year old. Rose works as a shop assistant for Henriks Department Store and its there that she first meets the [Doctor](/characters/3mn8) in his [ninth incarnation](/characters/qgf9). The Doctor saves Rose from becoming a victim of the Nestenes auton mannequins and together they defeat the Nestene Consciousness itself.\r\n\r\nHaving lead what she considers to be a dull life, Rose is attracted to the Doctor and his exciting adventures in the [TARDIS](/things/n84h). Accepting his offer to join him on his travels, Rose chooses to leave her mother and her boyfriend, Mickey for a new life.\r\n\r\nBright, bubbly and hungry for new experiences, Rose makes the perfect companion for the Doctor. Her feelings for the [Time Lord](/groups/d325) grow beyond just friendship, but although the Doctor has similar feelings, he is reluctant to express them knowing that, because he is a Time Lord, he will outlive Rose.\r\n\r\n',1,'2009-12-21 15:56:04','2010-01-26 14:24:27','Picture_19.png','image/png',NULL,'2010-01-04 14:55:41','Companion to the Ninth and Tenth Doctors','Companion to the Ninth and Tenth Doctors',0,'Goodie'),(38,'hb9x','Captain Jack Harkness','An attractive and charming man, Jack Harkness is a time traveller from the 51st Century. He adopted his name and title from an American who died in [Earth](/places/fx3n)\'s World War Two in 1941.\r\n\r\nFor a time, Jack worked as a Time Agent but eventually left, becoming a con man by using his knowledge of future events. It was while carrying out a con with a Chula Ambulance in London during World War Two that Jack first met the [Doctor](/characters/qgf9), in his Ninth incarnation, and [Rose Tyler](/characters/rfw6). Jack joined them in the [TARDIS](/things/n84h) for many adventures. ',1,'2009-12-21 15:56:40','2010-01-26 14:30:30','captainjack.jpg','image/jpeg',NULL,'2010-01-07 15:46:15','Head of Torchwood Three','Head of Torchwood Three',0,'Goodie'),(39,'zwdp','Harriet Jones','MP for the small constituency of Flydale North, Harriet Jones was content to be a back-bench MP. But when a Slytheen spacecraft crashed into the Thames, Harriet found herself on the frontline of the battle against the aliens at 10 Downing Street. \r\n\r\nFollowing the defeat of the Slytheen threat, with a little help from the [Doctor](/characters/m2qv), Harriet became Prime Minister. She joined forces with the Doctor once again on Christmas Day 2006 when they faced the Sycorax. However, the Doctor was far from happy when Harriet ordered the Torchwood Institute to destroy the retreating Sycorax spaceship. The Doctor punished Harriet by instigating her fall from power.\r\n\r\nAlthough she stood by her decision, Harriet held no bitter feelings toward the Doctor. When the [Earth](/places/fx3n) was stolen by the [Daleks](/groups/284h) in 2009, Harriet orchestrated the use of the subwave network to contact the Doctor for help. As a result, the Daleks were able to find her and exterminated her.',1,'2009-12-21 15:56:52','2010-01-26 14:27:35','harrietjones.jpg','image/jpeg',NULL,'2010-01-07 15:37:59','Former Prime Minister','Former Prime Minister',0,'Goodie'),(41,'j6p2','The Shadow Proclamation','An intergalactic organisation responsible for upholding galactic law. On occasions, the Shadow Proclamation have employed the mercanery Judoon to enforce their regulations.\r\n\r\nThe [Doctor](/characters/m2qv) has, on several occasions, sited Shadow Proclamation laws when challenging his foes. \r\n',3,'2009-12-21 15:59:05','2010-01-26 14:58:53','shadowproclamation_group.jpg','image/jpeg',NULL,'2010-01-07 15:00:02','Intergalactic law enforcers','Intergalactic law enforcers',0,''),(42,'d2qv','Doctor 10.5','A human/[Time Lord](/groups/d325) hybrid that is identical in appearance to the [Tenth Doctor](/characters/m2qv). Doctor 10.5 was created when [Donna Noble](/characters/2n54)\'s life essence combined with the Doctor\'s preserved severed [hand](/things/vb9x) which grew into a full duplicate of the Doctor. This transformation was made possible because the hand had absorbed excess regenerative energy from the Doctor when he nearly regenerated. \r\n\r\nAlthough identical in appearance to the Tenth Doctor, Doctor 10.5 is physically human with only one heart and unable to regenerate. He does, however, possess all of the Doctor\'s memories but has a far more ruthless and aggressive aspect to his personality. \r\n\r\nAfter destroying the [Daleks](/groups/284h), Doctor 10.5 remains behind in the alternate universe to share a life with [Rose Tyler](/characters/rfw6).\r\n',1,'2009-12-21 16:03:22','2010-01-26 14:46:46','10point5.jpg','image/jpeg',NULL,'2010-01-13 16:00:09','An almost exact duplicate of the Doctor','An almost exact duplicate of the Doctor',0,'Goodie'),(43,'cfw6','Dalek Caan','One of the four members of the Cult of Skaro who escaped destruction in the [Last Great Time War](/stories/cb9x) by hiding in the Void. \r\n\r\nThe Cult returned to normal space and time to [London](/places/wdxm) on [Earth](/places/fx3n) in 2007 where they battled the Cybermen as well as human forces. When the [Doctor](/characters/m2qv) defeated the Dalek and Cybermen forces, the Cult escaped by using emergency temporal shift to New York in 1930.  \r\n\r\nThere, the Cult leader, Dalek Sec attempted to created a new race of [Dalek](/groups/284h)/Human hybrids. Dalek Caan, however, did not agree with Sec\'s diluting of the Dalek essence and lead Dalek Thay and Dalek Jast, the other two members of the Cult in a revolt against Sec. \r\n\r\nThay, Jast and Sec were all destroyed, leaving Caan as the only surviving Dalek. To escape the Doctor, Caan once again employed an emergency temporal shift which this time took him back into the Last Great Time War. There he was able to rescue the Dalek creator, [Davros](/characters/b963). The cost to Caan, though, was high with him becoming physically damaged and driven almost insane. He did, however, gain the power to foresee certain future events.\r\n',1,'2009-12-21 16:28:13','2010-01-26 14:53:03','caan.jpg','image/jpeg',NULL,'2010-01-07 15:41:07','A member of the Cult of Skaro','A member of the Cult of Skaro',0,'Baddie'),(46,'wn54','Harry Sullivan','Harry Sullivan is a naval doctor with a bright and breezy disposition. He is attached to the UNIT organisation and reports to Brigadier Lethbridge-Stewart. He was charged with looking after the [Doctor](/characters/wx3n) following his regeneration into his fourth body. He briefly joined the Doctor and [Sarah Jane Smith](/characters/9pmq) on their travels in the [TARDIS](/things/n84h) before returning to Earth.',1,'2010-01-14 12:08:30','2010-01-25 14:47:01','harry.jpg','image/jpeg',NULL,'2010-01-18 09:44:37','Companion to the Fourth Doctor','Companion to the Fourth Doctor',0,'Goodie'),(47,'d5vr','The Imperial Daleks','A faction of [Daleks](/groups/284h) created by [Davros](/characters/b963) that remain loyal to him, regarding him as their emperor. The Imperial Daleks are distinguished by their cream and gold livery. ',2,'2010-01-14 14:52:56','2010-01-25 15:50:51','daleks.jpg','image/jpeg',NULL,'2010-01-14 15:17:44','Davros\'s Daleks','Davros\'s Daleks',0,'Baddie'),(48,'684h','The Renegade Daleks','A faction of [Daleks](/groups/284h) descended from [Davros](/characters/b963)\'s original creations. However, the Renegade Daleks no longer recognise Davros\'s authority and are actively hostile to both him and his [Imperial Daleks](/groups/d5vr). The Renegade Daleks are distiguished by the gray and black colouring of their casings.',2,'2010-01-14 15:23:34','2010-01-25 15:49:43','renegadedaleks.jpg','image/jpeg',NULL,'2010-01-14 15:23:34','The original Daleks','The original Daleks',0,'Baddie'),(49,'p4rg','The Second Doctor','Unlike his first incarnation, the Second Doctor cared little about his appearance, wearing a crumpled, ill-fitting version of his previous self\'s Victorian clothing. Younger than his previous self and far less formal, the Second Doctor\'s irreverence frequently leads to him not being taken seriously by those around him. This can often work in the Doctor\'s favour, allowing him to gain the upper hand with his adversaries until they realise too late their error of judgement.\r\n\r\nAfter enjoying his freedom to roam through time and space in the [TARDIS](/things/n84h), the Second Doctor is forced to call on the help of his people, the [Time Lords](/groups/d325) to return to [Earth](/places/fx3n) the humans abducted by the War Lords. The Doctor is put on trial for stealing the TARDIS and breaking the Time Lord law of non-intervention. He is found guilty and is punished by being exiled to Earth in the 20th Century and is forced to regenerate into a new body.\r\n',1,'2010-01-18 12:21:39','2010-02-02 12:58:33','dr2.jpg','image/jpeg',NULL,'2010-01-18 12:48:20','Second incarnation of the Time Lord','Second incarnation of the Time Lord',0,'Goodie'),(50,'3chj','The Third Doctor','',1,'2010-01-18 12:22:06','2010-01-25 11:52:59','dr3.jpg','image/jpeg',NULL,'2010-01-18 12:48:48','Third incarnation of the Time Lord','Third incarnation of the Time Lord',0,'Goodie'),(51,'mrzf','The Fifth Doctor','',1,'2010-01-18 12:22:36','2010-01-25 11:50:14','dr5.jpg','image/jpeg',NULL,'2010-01-18 12:49:07','Fifth incarnation of the Time Lord','Fifth incarnation of the Time Lord',0,'Goodie'),(52,'2hgb','The Sixth Doctor','',1,'2010-01-18 12:22:58','2010-01-25 11:52:34','dr6.jpg','image/jpeg',NULL,'2010-01-18 12:49:31','Sixth incarnation of the Time Lord','Sixth incarnation of the Time Lord',0,'Goodie'),(53,'nzjw','The Eighth Doctor','',1,'2010-01-18 12:23:28','2010-01-25 11:49:53','dr8.jpg','image/jpeg',NULL,'2010-01-18 12:49:50','Eighth incarnation of the Time Lord','Eighth incarnation of the Time Lord',0,'Goodie'),(54,'qgf9','The Ninth Doctor','',1,'2010-01-18 12:23:54','2010-01-25 11:51:08','dr9.jpg','image/jpeg',NULL,'2010-01-18 12:50:14','Ninth incarnation of the Time Lord','Ninth incarnation of the Time Lord',0,'Goodie'),(55,'5jbd','The Eleventh Doctor','',1,'2010-01-18 12:24:16','2010-01-25 11:50:04','dr11.jpg','image/jpeg',NULL,'2010-01-18 12:50:32','Eleventh incarnation of the Time Lord','Eleventh incarnation of the Time Lord',0,'Goodie');
/*!40000 ALTER TABLE `characters` ENABLE KEYS */;
UNLOCK TABLES;

--
-- Table structure for table `collection_items`
--

DROP TABLE IF EXISTS `collection_items`;
SET @saved_cs_client     = @@character_set_client;
SET character_set_client = utf8;
CREATE TABLE `collection_items` (
  `id` int(11) NOT NULL auto_increment,
  `collection_id` int(11) default NULL,
  `collectable_id` int(11) default NULL,
  `created_at` datetime default NULL,
  `updated_at` datetime default NULL,
  `position` int(11) default NULL,
  `description` text,
  PRIMARY KEY  (`id`)
) ENGINE=InnoDB AUTO_INCREMENT=84 DEFAULT CHARSET=latin1;
SET character_set_client = @saved_cs_client;

--
-- Dumping data for table `collection_items`
--

LOCK TABLES `collection_items` WRITE;
/*!40000 ALTER TABLE `collection_items` DISABLE KEYS */;
INSERT INTO `collection_items` VALUES (1,1,4,'2010-01-28 16:07:47','2010-01-28 16:09:17',1,''),(2,1,9,'2010-01-28 16:08:01','2010-01-28 16:08:01',2,''),(3,1,14,'2010-01-28 16:08:12','2010-01-28 16:08:12',3,''),(4,1,18,'2010-01-28 16:10:34','2010-01-28 16:10:34',4,''),(5,2,13,'2010-01-28 16:12:01','2010-01-28 16:12:01',1,''),(6,2,15,'2010-01-28 16:12:09','2010-01-28 16:12:09',2,''),(7,2,16,'2010-01-28 16:12:19','2010-01-28 16:12:19',3,''),(8,2,10,'2010-01-28 16:12:41','2010-01-28 16:12:41',4,''),(9,2,17,'2010-01-28 16:12:54','2010-01-28 16:12:54',5,''),(10,3,2,'2010-01-28 16:13:46','2010-01-28 16:13:46',1,''),(11,3,5,'2010-01-28 16:13:58','2010-01-28 16:13:58',2,''),(12,3,6,'2010-01-28 16:14:05','2010-01-28 16:14:05',3,''),(13,4,25,'2010-01-28 16:15:52','2010-01-28 16:18:14',6,''),(14,4,4,'2010-01-28 16:16:06','2010-01-28 16:18:00',2,''),(15,4,7,'2010-01-28 16:16:15','2010-01-28 16:18:00',1,''),(16,4,32,'2010-01-28 16:16:25','2010-01-28 16:18:18',4,''),(17,4,3,'2010-01-28 16:16:39','2010-01-28 16:18:18',3,''),(18,4,23,'2010-01-28 16:16:51','2010-01-28 16:18:16',5,''),(19,4,24,'2010-01-28 16:17:02','2010-01-28 16:18:12',7,''),(20,4,35,'2010-01-28 16:17:15','2010-01-28 16:17:15',8,''),(21,4,41,'2010-01-28 16:17:26','2010-01-28 16:17:26',9,''),(22,5,39,'2010-01-28 16:19:28','2010-01-28 16:19:47',2,''),(23,5,5,'2010-01-28 16:19:44','2010-01-28 16:19:47',1,''),(24,5,40,'2010-01-28 16:19:57','2010-01-28 16:19:57',3,''),(25,6,36,'2010-01-28 16:21:49','2010-01-28 16:21:49',1,''),(26,6,43,'2010-01-28 16:22:03','2010-01-28 16:22:03',2,''),(27,6,1,'2010-01-28 16:22:18','2010-01-28 16:22:18',3,''),(28,4,33,'2010-01-28 16:23:05','2010-01-28 16:23:05',10,''),(29,7,26,'2010-01-28 16:23:59','2010-01-28 16:25:11',1,''),(30,7,46,'2010-01-28 16:24:11','2010-01-28 16:25:17',6,''),(31,7,28,'2010-01-28 16:24:20','2010-01-28 16:25:15',3,''),(32,7,29,'2010-01-28 16:24:37','2010-01-28 16:25:16',4,''),(33,7,30,'2010-01-28 16:24:43','2010-01-28 16:25:17',5,''),(34,7,27,'2010-01-28 16:24:57','2010-01-28 16:25:13',2,''),(35,8,47,'2010-01-28 16:25:56','2010-01-28 16:25:56',1,''),(36,8,42,'2010-01-28 16:26:11','2010-01-28 16:26:11',2,''),(37,8,44,'2010-01-28 16:26:18','2010-01-28 16:26:18',3,''),(38,8,49,'2010-01-28 16:26:48','2010-01-28 16:27:19',5,''),(39,8,45,'2010-01-28 16:26:57','2010-01-28 16:27:19',4,''),(40,8,2,'2010-01-28 16:27:37','2010-01-28 16:27:37',6,''),(41,8,48,'2010-01-28 16:27:46','2010-01-28 16:27:46',7,''),(42,9,10,'2010-01-28 16:29:53','2010-01-28 16:29:53',1,''),(43,9,33,'2010-01-28 16:30:01','2010-01-28 16:30:01',2,''),(44,9,49,'2010-01-28 16:30:11','2010-01-28 16:30:11',3,''),(45,9,50,'2010-01-28 16:30:19','2010-01-28 16:30:19',4,''),(46,9,29,'2010-01-28 16:30:24','2010-01-28 16:30:24',5,''),(47,9,51,'2010-01-28 16:30:30','2010-01-28 16:30:30',6,''),(48,9,52,'2010-01-28 16:30:42','2010-01-28 16:30:42',7,''),(49,9,34,'2010-01-28 16:30:49','2010-01-28 16:30:49',8,''),(50,9,53,'2010-01-28 16:30:55','2010-01-28 16:30:55',9,''),(51,9,54,'2010-01-28 16:31:00','2010-01-28 16:31:00',10,''),(52,9,11,'2010-01-28 16:31:09','2010-01-28 16:31:09',11,''),(53,9,42,'2010-01-28 16:31:18','2010-01-28 16:31:18',12,''),(54,9,55,'2010-01-28 16:31:25','2010-01-28 16:31:25',13,''),(55,10,35,'2010-01-28 16:32:08','2010-01-28 16:33:24',3,''),(56,10,38,'2010-01-28 16:32:13','2010-01-28 16:33:32',5,''),(57,10,12,'2010-01-28 16:32:19','2010-01-28 16:33:37',7,''),(58,10,46,'2010-01-28 16:32:24','2010-01-28 16:33:24',2,''),(59,10,3,'2010-01-28 16:32:33','2010-01-28 16:33:37',6,''),(60,10,37,'2010-01-28 16:32:42','2010-01-28 16:33:32',4,''),(61,10,30,'2010-01-28 16:32:49','2010-01-28 16:33:19',1,''),(62,11,26,'2010-01-28 16:34:23','2010-01-28 16:35:24',2,''),(63,11,43,'2010-01-28 16:34:30','2010-01-28 16:35:28',5,''),(64,11,32,'2010-01-28 16:34:44','2010-01-28 16:35:24',1,''),(65,11,47,'2010-01-28 16:34:52','2010-01-28 16:35:27',3,''),(66,11,48,'2010-01-28 16:34:57','2010-01-28 16:35:28',4,''),(67,11,36,'2010-01-28 16:35:04','2010-01-28 16:35:04',6,''),(68,12,23,'2010-01-28 16:36:20','2010-01-28 16:36:20',1,''),(69,12,20,'2010-01-28 16:36:58','2010-01-28 16:36:58',2,''),(70,12,21,'2010-01-28 16:37:03','2010-01-28 16:37:03',3,''),(71,12,19,'2010-01-28 16:37:07','2010-01-28 16:37:07',4,''),(72,13,41,'2010-01-28 16:38:22','2010-01-28 16:38:22',1,''),(73,13,31,'2010-01-28 16:38:33','2010-01-28 16:38:33',2,''),(74,13,8,'2010-01-28 16:38:37','2010-01-28 16:38:37',3,''),(75,14,7,'2010-01-28 16:39:15','2010-01-28 16:39:15',1,''),(76,14,5,'2010-01-28 16:39:20','2010-01-28 16:39:20',2,''),(77,14,39,'2010-01-28 16:39:28','2010-01-28 16:39:28',3,''),(78,14,2,'2010-01-28 16:39:36','2010-01-29 11:40:55',5,''),(79,14,14,'2010-01-28 16:39:42','2010-01-29 11:40:52',6,''),(80,14,13,'2010-01-28 16:39:48','2010-01-29 11:40:50',7,''),(81,14,4,'2010-01-28 16:39:54','2010-01-29 11:40:49',8,''),(82,14,6,'2010-01-28 16:39:59','2010-01-29 11:40:47',9,''),(83,14,1,'2010-01-29 11:40:43','2010-01-29 11:40:55',4,'');
/*!40000 ALTER TABLE `collection_items` ENABLE KEYS */;
UNLOCK TABLES;

--
-- Table structure for table `collections`
--

DROP TABLE IF EXISTS `collections`;
SET @saved_cs_client     = @@character_set_client;
SET character_set_client = utf8;
CREATE TABLE `collections` (
  `id` int(11) NOT NULL auto_increment,
  `title` varchar(255) default NULL,
  `collection_type` varchar(255) default NULL,
  `created_at` datetime default NULL,
  `updated_at` datetime default NULL,
  `position` int(11) default NULL,
  PRIMARY KEY  (`id`)
) ENGINE=InnoDB AUTO_INCREMENT=15 DEFAULT CHARSET=latin1;
SET character_set_client = @saved_cs_client;

--
-- Dumping data for table `collections`
--

LOCK TABLES `collections` WRITE;
/*!40000 ALTER TABLE `collections` DISABLE KEYS */;
INSERT INTO `collections` VALUES (1,'The Doctor\'s Possessions','Artifact','2010-01-28 16:07:26','2010-01-28 16:07:26',1),(2,'Gadgets','Artifact','2010-01-28 16:11:39','2010-01-28 16:11:39',2),(3,'Ephemera','Artifact','2010-01-28 16:13:32','2010-01-28 16:13:32',3),(4,'Other Worlds','Location','2010-01-28 16:15:11','2010-01-28 16:15:11',4),(5,'Starships','Location','2010-01-28 16:19:20','2010-01-28 16:28:40',8),(6,'Earth','Location','2010-01-28 16:21:26','2010-01-28 16:28:37',5),(7,'East London','Location','2010-01-28 16:23:54','2010-01-28 16:28:39',6),(8,'West London','Location','2010-01-28 16:25:47','2010-01-28 16:28:40',7),(9,'The Doctor','Character','2010-01-28 16:29:43','2010-01-28 16:29:43',9),(10,'The Companions','Character','2010-01-28 16:32:01','2010-01-28 16:32:01',10),(11,'Daleks','Character','2010-01-28 16:34:13','2010-01-28 16:34:18',11),(12,'The Ood','Character','2010-01-28 16:36:07','2010-01-28 16:36:07',12),(13,'Aliens','Character','2010-01-28 16:38:11','2010-01-28 16:38:11',13),(14,'Humans','Character','2010-01-28 16:39:04','2010-01-28 16:39:08',14);
/*!40000 ALTER TABLE `collections` ENABLE KEYS */;
UNLOCK TABLES;

--
-- Table structure for table `episode_occurrences`
--

DROP TABLE IF EXISTS `episode_occurrences`;
SET @saved_cs_client     = @@character_set_client;
SET character_set_client = utf8;
CREATE TABLE `episode_occurrences` (
  `id` int(11) NOT NULL auto_increment,
  `event_id` int(11) default NULL,
  `start_time` time default '00:00:00',
  `created_at` datetime default NULL,
  `updated_at` datetime default NULL,
  `end_time` time default '00:00:00',
  `episode_id` int(11) default NULL,
  `video_filename` varchar(255) collate utf8_unicode_ci default NULL,
  `imgeo_file_name` varchar(255) collate utf8_unicode_ci default NULL,
  `imgeo_content_type` varchar(255) collate utf8_unicode_ci default NULL,
  `imgeo_img_file_size` int(11) default NULL,
  `imgeo_updated_at` datetime default NULL,
  PRIMARY KEY  (`id`),
  KEY `index_episode_occurrences_on_event_id` (`event_id`),
  KEY `index_episode_occurrences_on_episode_id` (`episode_id`)
) ENGINE=InnoDB AUTO_INCREMENT=84 DEFAULT CHARSET=utf8 COLLATE=utf8_unicode_ci;
SET character_set_client = @saved_cs_client;

--
-- Dumping data for table `episode_occurrences`
--

LOCK TABLES `episode_occurrences` WRITE;
/*!40000 ALTER TABLE `episode_occurrences` DISABLE KEYS */;
INSERT INTO `episode_occurrences` VALUES (13,20,'00:12:23','2009-12-22 16:13:56','2010-01-15 14:59:56','00:13:00',10,'remembrance_of_the_daleks_1.mp4','alien01.jpg','image/jpeg',NULL,'2010-01-14 13:16:47'),(14,21,'00:21:25','2009-12-22 16:28:12','2010-01-14 14:17:52','00:22:17',10,'remembrance_of_the_daleks_1.mp4','transmat01.jpg','image/jpeg',NULL,'2010-01-14 14:17:52'),(15,22,'00:23:08','2009-12-22 16:32:43','2010-01-15 15:03:34','00:23:30',10,'remembrance_of_the_daleks_1.mp4','dalekattack02.jpg','image/jpeg',NULL,'2010-01-14 14:26:15'),(16,23,'00:01:00','2009-12-22 16:40:11','2010-01-15 15:05:21','00:01:49',13,'remembrance_of_the_daleks_4.mp4','landing01.jpg','image/jpeg',NULL,'2010-01-14 14:46:07'),(17,24,'00:03:18','2009-12-23 10:37:44','2010-01-15 10:53:06','00:03:48',13,'remembrance_of_the_daleks_4.mp4','dalekattack01.jpg','image/jpeg',NULL,'2010-01-15 10:53:05'),(18,25,'00:13:43','2009-12-23 10:43:43','2010-01-15 11:02:50','00:14:40',13,'remembrance_of_the_daleks_4.mp4','revealed.jpg','image/jpeg',NULL,'2010-01-15 11:01:55'),(19,26,'00:15:37','2009-12-23 10:52:58','2010-01-15 15:11:38','00:16:51',13,'remembrance_of_the_daleks_4.mp4','confrontation.jpg','image/jpeg',NULL,'2010-01-15 11:15:44'),(20,27,'00:17:08','2009-12-23 11:05:13','2010-01-15 15:17:08','00:17:45',13,'remembrance_of_the_daleks_4.mp4','activate.jpg','image/jpeg',NULL,'2010-01-15 11:22:54'),(21,28,'00:17:37','2009-12-23 11:07:05','2010-01-15 15:17:52','00:18:20',13,'remembrance_of_the_daleks_4.mp4','skaro01.jpg','image/jpeg',NULL,'2010-01-15 11:31:17'),(22,29,'00:18:12','2009-12-23 11:09:23','2010-01-15 11:38:32','00:19:01',13,'remembrance_of_the_daleks_4.mp4','escape.jpg','image/jpeg',NULL,'2010-01-15 11:38:31'),(23,45,'00:00:40','2010-01-05 10:35:09','2010-01-21 10:15:08','00:01:18',1,'planet_of_the_ood.mp4','attack01.jpg','image/jpeg',NULL,'2010-01-14 13:50:52'),(24,46,'00:04:50','2010-01-05 10:44:01','2010-01-21 10:19:53','00:05:17',1,'planet_of_the_ood.mp4','tonic.jpg','image/jpeg',NULL,'2010-01-21 10:19:53'),(25,47,'00:05:38','2010-01-05 10:46:58','2010-01-21 10:32:01','00:07:08',1,'planet_of_the_ood.mp4','dying.jpg','image/jpeg',NULL,'2010-01-21 10:27:59'),(26,48,'00:26:39','2010-01-05 10:49:53','2010-01-21 11:41:50','00:27:40',1,'planet_of_the_ood.mp4','brain.jpg','image/jpeg',NULL,'2010-01-21 11:41:50'),(27,49,'00:28:55','2010-01-05 10:51:57','2010-01-21 10:49:11','00:30:09',1,'planet_of_the_ood.mp4','revolt.jpg','image/jpeg',NULL,'2010-01-21 10:49:10'),(28,50,'00:35:22','2010-01-05 10:56:04','2010-01-21 11:58:13','00:35:55',1,'planet_of_the_ood.mp4','hidden.jpg','image/jpeg',NULL,'2010-01-21 11:52:24'),(29,51,'00:38:49','2010-01-05 11:02:30','2010-01-21 15:07:25','00:39:58',1,'planet_of_the_ood.mp4','oodhalpen.jpg','image/jpeg',NULL,'2010-01-21 15:03:39'),(30,52,'00:40:11','2010-01-05 11:04:58','2010-01-21 15:28:27','00:41:23',1,'planet_of_the_ood.mp4',NULL,NULL,NULL,NULL),(31,53,'00:41:33','2010-01-05 11:07:00','2010-01-21 15:48:44','00:41:50',1,'planet_of_the_ood.mp4','endofsong.jpg','image/jpeg',NULL,'2010-01-21 15:43:44'),(32,54,'00:00:00','2010-01-05 12:05:13','2010-01-05 12:05:13','00:03:00',16,NULL,NULL,NULL,NULL,NULL),(33,55,'00:04:10','2010-01-05 12:10:53','2010-01-05 12:10:53','00:05:50',16,NULL,NULL,NULL,NULL,NULL),(34,61,'00:06:29','2010-01-12 15:48:45','2010-01-15 12:47:21','00:07:58',3,'blink.mp4','visitor01.jpg','image/jpeg',NULL,'2010-01-12 17:18:43'),(35,61,'00:09:10','2010-01-12 15:49:23','2010-01-15 12:49:58','00:09:35',3,'blink.mp4','visitor02.jpg','image/jpeg',NULL,'2010-01-12 17:19:00'),(36,61,'00:09:42','2010-01-12 15:49:44','2010-01-15 12:57:54','00:10:14',3,'blink.mp4','visitor03.jpg','image/jpeg',NULL,'2010-01-12 17:19:15'),(37,70,'00:08:20','2010-01-12 15:59:03','2010-01-14 12:35:11','00:08:29',3,'blink.mp4','sally_field1.jpg','image/jpeg',NULL,'2010-01-12 17:07:55'),(38,70,'00:08:40','2010-01-12 15:59:27','2010-01-15 13:01:58','00:09:00',3,'blink.mp4','sally_field2.jpg','image/jpeg',NULL,'2010-01-12 17:08:40'),(39,70,'00:09:01','2010-01-12 15:59:46','2010-01-14 12:35:22','00:09:12',3,'blink.mp4','sally_field3.jpg','image/jpeg',NULL,'2010-01-12 17:09:09'),(41,70,'00:11:51','2010-01-12 16:01:27','2010-01-15 13:06:42','00:12:22',3,'blink.mp4','sally_field5.jpg','image/jpeg',NULL,'2010-01-12 17:09:39'),(42,64,'00:22:06','2010-01-12 16:07:14','2010-01-15 13:20:02','00:23:38',3,'blink.mp4','billyandthedocclip.jpg','image/jpeg',NULL,'2010-01-12 17:15:08'),(43,56,'00:00:00','2010-01-13 10:47:25','2010-01-14 16:26:19','00:00:49',3,'blink.mp4','sallydiscovers.jpg','image/jpeg',NULL,'2010-01-13 10:47:24'),(44,57,'00:01:04','2010-01-13 11:02:23','2010-01-14 16:48:02','00:01:47',3,'blink.mp4','message02.jpg','image/jpeg',NULL,'2010-01-13 11:02:22'),(45,58,'00:01:54','2010-01-13 11:11:30','2010-01-14 16:53:10','00:02:07',3,'blink.mp4','discover1.jpg','image/jpeg',NULL,'2010-01-13 11:11:30'),(46,59,'00:04:01','2010-01-13 11:25:13','2010-01-15 12:42:51','00:04:34',3,'blink.mp4','meetlarry01.jpg','image/jpeg',NULL,'2010-01-14 16:56:30'),(47,60,'00:04:43','2010-01-13 11:36:18','2010-01-15 12:45:27','00:05:22',3,'blink.mp4','return01.jpg','image/jpeg',NULL,'2010-01-13 11:36:18'),(48,62,'00:15:36','2010-01-13 11:56:21','2010-01-15 13:10:14','00:16:05',3,'blink.mp4','list01.jpg','image/jpeg',NULL,'2010-01-13 11:56:21'),(49,62,'00:16:48','2010-01-13 11:56:52','2010-01-15 13:11:53','00:17:06',3,'blink.mp4','list01.jpg','image/jpeg',NULL,'2010-01-13 11:56:51'),(50,66,'00:29:11','2010-01-13 13:09:14','2010-01-14 12:36:11','00:30:32',3,'blink.mp4','dvdmessage01.jpg','image/jpeg',NULL,'2010-01-13 13:09:14'),(51,67,'00:35:36','2010-01-13 13:20:59','2010-01-15 13:32:40','00:36:42',3,'blink.mp4','discovertardis02.jpg','image/jpeg',NULL,'2010-01-13 13:20:59'),(52,69,'00:40:24','2010-01-13 13:40:32','2010-01-14 12:36:28','00:41:41',3,'blink.mp4','meetthedoctor01.jpg','image/jpeg',NULL,'2010-01-13 13:40:31'),(53,13,'00:01:36','2010-01-14 09:58:45','2010-01-15 14:27:37','00:03:10',4,'genesis_of_the_daleks_ep1.mp4','mission01.jpg','image/jpeg',NULL,'2010-01-14 09:58:44'),(54,14,'00:22:34','2010-01-14 10:11:11','2010-01-14 13:52:28','00:23:37',4,'genesis_of_the_daleks_ep1.mp4','first01.jpg','image/jpeg',NULL,'2010-01-14 10:11:11'),(55,15,'00:21:45','2010-01-14 10:37:14','2010-01-14 13:54:35','00:22:46',7,'genesis_of_the_daleks_ep4.mp4','interrogation02.jpg','image/jpeg',NULL,'2010-01-14 10:37:14'),(56,15,'00:01:15','2010-01-14 10:37:40','2010-01-14 13:53:22','00:01:59',8,'genesis_of_the_daleks_ep5.mp4','interrogation01.jpg','image/jpeg',NULL,'2010-01-14 10:37:40'),(57,16,'00:06:04','2010-01-14 10:51:49','2010-01-15 14:35:33','00:07:12',8,'genesis_of_the_daleks_ep5.mp4','gods01.jpg','image/jpeg',NULL,'2010-01-14 10:51:48'),(58,17,'00:01:18','2010-01-14 11:06:53','2010-01-15 14:39:04','00:02:46',9,'genesis_of_the_daleks_ep6.mp4','right01.jpg','image/jpeg',NULL,'2010-01-14 11:06:53'),(59,18,'00:19:50','2010-01-14 11:32:01','2010-01-15 14:49:54','00:20:36',9,'genesis_of_the_daleks_ep6.mp4','revolution01.jpg','image/jpeg',NULL,'2010-01-14 11:32:01'),(60,18,'00:20:46','2010-01-14 11:32:33','2010-01-15 14:47:05','00:22:16',9,'genesis_of_the_daleks_ep6.mp4','revoloution02.jpg','image/jpeg',NULL,'2010-01-14 11:32:33'),(61,19,'00:20:33','2010-01-14 11:44:56','2010-01-15 14:55:41','00:20:53',9,'genesis_of_the_daleks_ep6.mp4','aftermath00.jpg','image/jpeg',NULL,'2010-01-15 14:55:03'),(62,19,'00:22:15','2010-01-14 11:45:31','2010-01-15 14:57:47','00:22:49',9,'genesis_of_the_daleks_ep6.mp4','interrogation02.jpg','image/jpeg',NULL,'2010-01-14 11:45:31'),(63,20,'00:13:03','2010-01-14 13:17:51','2010-01-14 13:57:12','00:13:29',10,'remembrance_of_the_daleks_1.mp4','alien02.jpg','image/jpeg',NULL,'2010-01-14 13:17:51'),(64,68,'00:37:36','2010-01-14 14:04:20','2010-01-14 14:04:20','00:38:10',3,'blink.mp4','frozen02.jpg','image/jpeg',NULL,'2010-01-14 14:04:19'),(65,30,'00:01:23','2010-01-15 10:32:50','2010-01-15 10:32:50','00:02:02',14,'stolen_earth.mp4','stolen01.jpg','image/jpeg',NULL,'2010-01-15 10:32:50'),(66,24,'00:04:16','2010-01-15 10:53:54','2010-01-15 15:07:27','00:04:33',13,'remembrance_of_the_daleks_4.mp4','dalekattack02.jpg','image/jpeg',NULL,'2010-01-15 10:53:53'),(67,63,'00:18:14','2010-01-15 13:17:43','2010-01-15 13:17:43','00:19:21',3,'blink.mp4','meetsbilly00.jpg','image/jpeg',NULL,'2010-01-15 13:17:43'),(68,65,'00:24:36','2010-01-15 13:27:38','2010-01-15 13:27:38','00:26:09',3,'blink.mp4','billyinhospital01.jpg','image/jpeg',NULL,'2010-01-15 13:27:38'),(69,31,'00:14:08','2010-01-15 15:40:03','2010-01-15 15:41:46','00:15:24',14,'stolen_earth.mp4','poosh.jpg','image/jpeg',NULL,'2010-01-15 15:40:02'),(70,32,'00:31:12','2010-01-15 16:03:22','2010-01-15 16:05:16','00:32:19',14,'stolen_earth.mp4','calling01.jpg','image/jpeg',NULL,'2010-01-15 16:03:21'),(71,33,'00:36:43','2010-01-15 16:19:02','2010-01-15 16:19:02','00:38:36',14,'stolen_earth.mp4','familiar.jpg','image/jpeg',NULL,'2010-01-15 16:19:02'),(72,34,'00:41:24','2010-01-15 17:08:17','2010-01-15 17:08:47','00:43:13',14,'stolen_earth.mp4','reunion01.jpg','image/jpeg',NULL,'2010-01-15 17:08:17'),(73,35,'00:25:52','2010-01-18 16:28:09','2010-01-18 16:41:50','00:27:10',15,'journeys_end.mp4','plan.jpg','image/jpeg',NULL,'2010-01-18 16:28:09'),(74,36,'00:11:39','2010-01-19 10:40:41','2010-01-19 11:02:09','00:12:02',15,'journeys_end.mp4','meta01.jpg','image/jpeg',NULL,'2010-01-19 10:40:41'),(75,36,'00:12:11','2010-01-19 10:41:15','2010-01-19 10:41:15','00:12:47',15,'journeys_end.mp4','meta02.jpg','image/jpeg',NULL,'2010-01-19 10:41:15'),(76,37,'00:31:18','2010-01-19 12:20:48','2010-01-19 12:23:59','00:32:13',15,'journeys_end.mp4','fullcircle01.jpg','image/jpeg',NULL,'2010-01-19 12:20:47'),(77,38,'00:32:16','2010-01-19 12:51:09','2010-01-19 14:56:04','00:34:03',15,'journeys_end.mp4','yourself01.jpg','image/jpeg',NULL,'2010-01-19 12:51:08'),(78,39,'00:37:25','2010-01-19 15:35:01','2010-01-19 15:37:19','00:38:59',15,'journeys_end.mp4','doctordonna.jpg','image/jpeg',NULL,'2010-01-19 15:35:00'),(79,40,'00:41:10','2010-01-19 15:52:27','2010-01-19 15:54:33','00:42:00',15,'journeys_end.mp4','caan.jpg','image/jpeg',NULL,'2010-01-19 15:52:27'),(80,41,'00:42:27','2010-01-19 16:07:11','2010-01-19 16:17:47','00:43:27',15,'journeys_end.mp4','revenge.jpg','image/jpeg',NULL,'2010-01-19 16:07:10'),(81,42,'00:43:53','2010-01-19 16:27:57','2010-01-19 16:29:06','00:44:21',15,'journeys_end.mp4','destroyer.jpg','image/jpeg',NULL,'2010-01-19 16:27:57'),(82,43,'00:51:07','2010-01-19 16:48:36','2010-01-19 16:48:36','00:52:54',15,'journeys_end.mp4','badwolf.jpg','image/jpeg',NULL,'2010-01-19 16:48:35'),(83,44,'00:55:24','2010-01-19 17:04:29','2010-01-19 17:04:29','00:57:12',15,'journeys_end.mp4','endofdoctordonna.jpg','image/jpeg',NULL,'2010-01-19 17:04:28');
/*!40000 ALTER TABLE `episode_occurrences` ENABLE KEYS */;
UNLOCK TABLES;

--
-- Table structure for table `episodes`
--

DROP TABLE IF EXISTS `episodes`;
SET @saved_cs_client     = @@character_set_client;
SET character_set_client = utf8;
CREATE TABLE `episodes` (
  `id` int(11) NOT NULL auto_increment,
  `pid` varchar(255) collate utf8_unicode_ci default NULL,
  `title` varchar(255) collate utf8_unicode_ci default NULL,
  `media_url` varchar(255) collate utf8_unicode_ci default NULL,
  `created_at` datetime default NULL,
  `updated_at` datetime default NULL,
  `long_synopsis` text collate utf8_unicode_ci,
  `imge_file_name` varchar(255) collate utf8_unicode_ci default NULL,
  `imge_content_type` varchar(255) collate utf8_unicode_ci default NULL,
  `imge_file_size` int(11) default NULL,
  `imge_updated_at` datetime default NULL,
  `position` int(11) default NULL,
  PRIMARY KEY  (`id`),
  KEY `index_episodes_on_pid` (`pid`)
) ENGINE=InnoDB AUTO_INCREMENT=17 DEFAULT CHARSET=utf8 COLLATE=utf8_unicode_ci;
SET character_set_client = @saved_cs_client;

--
-- Dumping data for table `episodes`
--

LOCK TABLES `episodes` WRITE;
/*!40000 ALTER TABLE `episodes` DISABLE KEYS */;
INSERT INTO `episodes` VALUES (1,'b00b07kw','Planet Of The Ood','http://g.bbcredux.com/programme/5190991963499020053/download/856-1257336990-4254f402aeda6a09c2530c4a044252ca/flash.flv','2009-11-18 10:52:46','2010-01-15 11:50:27','The Doctor takes Donna to her first alien world - but the Ood-Sphere reveals some terrible truths about the Human Race.','Picture_9.png','image/png',397382,'2010-01-04 15:33:14',1),(3,'b0074gpl','Blink','','2009-11-19 10:57:22','2010-01-15 11:50:27','','blink_episode.jpg','image/jpeg',75116,'2010-01-13 11:04:44',2),(4,'xxxx001','Genesis of the Daleks - Episode 1',NULL,'2009-12-21 12:29:41','2010-01-15 11:50:27','',NULL,NULL,NULL,NULL,3),(5,'xxxx002','Genesis of the Daleks - Episode 2',NULL,'2009-12-21 12:30:58','2010-01-15 11:50:27','',NULL,NULL,NULL,NULL,4),(6,'xxxx003','Genesis of the Daleks - Episode 3',NULL,'2009-12-21 12:31:18','2010-01-15 11:50:27','',NULL,NULL,NULL,NULL,5),(7,'xxxx004','Genesis of the Daleks - Episode 4',NULL,'2009-12-21 12:32:03','2010-01-15 11:50:27','',NULL,NULL,NULL,NULL,6),(8,'xxxx005','Genesis of the Daleks - Episode 5',NULL,'2009-12-21 12:32:17','2010-01-15 11:50:27','',NULL,NULL,NULL,NULL,7),(9,'xxxx006','Genesis of the Daleks - Episode 6',NULL,'2009-12-21 12:32:31','2010-01-15 11:50:27','',NULL,NULL,NULL,NULL,8),(10,'xxxx007','Remembrance of the Daleks - Episode 1',NULL,'2009-12-21 12:47:24','2010-01-15 11:50:27','',NULL,NULL,NULL,NULL,9),(11,'xxxx008','Remembrance of the Daleks - Episode 2',NULL,'2009-12-21 12:47:38','2010-01-15 11:50:27','',NULL,NULL,NULL,NULL,10),(12,'xxxx009','Remembrance of the Daleks - Episode 3',NULL,'2009-12-21 12:47:49','2010-01-15 11:50:27','',NULL,NULL,NULL,NULL,11),(13,'xxxx010','Remembrance of the Daleks - Episode 4',NULL,'2009-12-21 12:48:05','2010-01-15 11:50:27','',NULL,NULL,NULL,NULL,12),(14,'b00cccvg','The Stolen Earth',NULL,'2009-12-21 15:53:07','2010-01-15 11:50:27','',NULL,NULL,NULL,NULL,13),(15,'b00cgnjr','Journey\'s End',NULL,'2009-12-21 15:53:41','2010-02-03 14:01:06','','Picture_20.png','image/png',437900,'2010-02-03 14:01:02',14),(16,'b0074gfz','The Impossible Planet',NULL,'2010-01-05 11:59:38','2010-01-15 11:50:27','The Doctor and Rose find themselves on a desolate world, in the orbit of a black hole. Trapped with an Earth expedition and the mysterious Ood, the time-travellers face an even greater danger, as something ancient beneath the planet\'s surface begins to awake.','Picture_20.png','image/png',437900,'2010-01-05 11:59:37',15);
/*!40000 ALTER TABLE `episodes` ENABLE KEYS */;
UNLOCK TABLES;

--
-- Table structure for table `event_locations`
--

DROP TABLE IF EXISTS `event_locations`;
SET @saved_cs_client     = @@character_set_client;
SET character_set_client = utf8;
CREATE TABLE `event_locations` (
  `id` int(11) NOT NULL auto_increment,
  `event_id` int(11) default NULL,
  `location_id` int(11) default NULL,
  `created_at` datetime default NULL,
  `updated_at` datetime default NULL,
  PRIMARY KEY  (`id`),
  KEY `index_event_locations_on_event_id` (`event_id`),
  KEY `index_event_locations_on_location_id` (`location_id`)
) ENGINE=InnoDB AUTO_INCREMENT=81 DEFAULT CHARSET=utf8 COLLATE=utf8_unicode_ci;
SET character_set_client = @saved_cs_client;

--
-- Dumping data for table `event_locations`
--

LOCK TABLES `event_locations` WRITE;
/*!40000 ALTER TABLE `event_locations` DISABLE KEYS */;
INSERT INTO `event_locations` VALUES (13,13,24,'2009-12-21 12:03:23','2009-12-21 12:03:23'),(14,14,24,'2009-12-21 12:10:05','2009-12-21 12:10:05'),(15,15,25,'2009-12-21 12:13:37','2009-12-21 12:13:37'),(16,16,25,'2009-12-21 12:15:51','2009-12-21 12:15:51'),(17,17,25,'2009-12-21 12:17:37','2009-12-21 12:17:37'),(18,18,25,'2009-12-21 12:19:59','2009-12-21 12:19:59'),(19,19,25,'2009-12-21 12:22:14','2009-12-21 12:22:14'),(20,20,26,'2009-12-21 12:50:16','2009-12-21 12:50:16'),(21,21,29,'2009-12-21 12:53:53','2009-12-21 12:53:53'),(22,22,29,'2009-12-21 12:56:06','2009-12-21 12:56:06'),(23,23,30,'2009-12-21 12:58:38','2009-12-21 12:58:38'),(24,24,27,'2009-12-21 13:00:17','2009-12-21 13:00:17'),(25,25,29,'2009-12-21 13:09:55','2009-12-21 13:09:55'),(26,26,29,'2009-12-21 13:11:50','2009-12-21 13:11:50'),(27,28,23,'2009-12-21 13:16:00','2009-12-21 13:16:00'),(31,32,33,'2009-12-21 16:12:00','2009-12-21 16:12:00'),(33,43,36,'2009-12-21 16:35:40','2009-12-21 16:35:40'),(34,45,4,'2010-01-05 10:35:51','2010-01-05 10:35:51'),(35,46,4,'2010-01-05 10:42:33','2010-01-05 10:42:33'),(36,47,7,'2010-01-05 10:45:50','2010-01-05 10:45:50'),(37,48,4,'2010-01-05 10:48:39','2010-01-05 10:48:39'),(38,49,4,'2010-01-05 10:51:15','2010-01-05 10:51:15'),(39,50,3,'2010-01-05 10:53:55','2010-01-05 10:53:55'),(40,51,3,'2010-01-05 11:00:54','2010-01-05 11:00:54'),(42,53,7,'2010-01-05 11:06:02','2010-01-05 11:06:02'),(45,29,39,'2010-01-06 12:09:13','2010-01-06 12:09:13'),(46,27,39,'2010-01-06 12:09:37','2010-01-06 12:09:37'),(47,26,39,'2010-01-06 12:09:58','2010-01-06 12:09:58'),(48,25,39,'2010-01-06 12:10:27','2010-01-06 12:10:27'),(49,31,41,'2010-01-07 15:02:01','2010-01-07 15:02:01'),(50,56,2,'2010-01-08 10:22:53','2010-01-08 10:22:53'),(51,57,2,'2010-01-08 10:23:09','2010-01-08 10:23:09'),(52,58,2,'2010-01-08 10:23:30','2010-01-08 10:23:30'),(53,60,2,'2010-01-08 10:23:43','2010-01-08 10:23:43'),(54,66,2,'2010-01-08 10:24:17','2010-01-08 10:24:17'),(55,59,42,'2010-01-08 11:27:12','2010-01-08 11:27:12'),(56,61,2,'2010-01-08 11:28:55','2010-01-08 11:28:55'),(58,62,44,'2010-01-08 11:43:13','2010-01-08 11:43:13'),(59,63,45,'2010-01-08 11:53:59','2010-01-08 11:53:59'),(60,64,46,'2010-01-08 11:58:57','2010-01-08 11:58:57'),(61,65,47,'2010-01-08 12:04:03','2010-01-08 12:04:03'),(62,67,48,'2010-01-08 12:10:08','2010-01-08 12:10:08'),(63,68,5,'2010-01-08 12:11:32','2010-01-08 12:11:32'),(64,68,48,'2010-01-08 12:11:41','2010-01-08 12:11:41'),(65,69,44,'2010-01-08 12:13:18','2010-01-08 12:13:18'),(66,70,43,'2010-01-12 15:58:15','2010-01-12 15:58:15'),(67,63,49,'2010-01-13 12:36:27','2010-01-13 12:36:27'),(68,52,3,'2010-01-14 09:32:07','2010-01-14 09:32:07'),(69,30,5,'2010-01-15 10:29:45','2010-01-15 10:29:45'),(70,28,39,'2010-01-15 11:29:09','2010-01-15 11:29:09'),(71,34,1,'2010-01-15 16:27:52','2010-01-15 16:27:52'),(72,35,40,'2010-01-18 16:25:04','2010-01-18 16:25:04'),(73,36,5,'2010-01-19 10:40:02','2010-01-19 10:40:02'),(74,37,40,'2010-01-19 12:17:04','2010-01-19 12:17:04'),(75,38,40,'2010-01-19 14:51:28','2010-01-19 14:51:28'),(76,39,40,'2010-01-19 15:34:19','2010-01-19 15:34:19'),(77,40,40,'2010-01-19 15:51:46','2010-01-19 15:51:46'),(78,41,40,'2010-01-19 16:06:23','2010-01-19 16:06:23'),(79,42,40,'2010-01-19 16:25:43','2010-01-19 16:25:43'),(80,44,5,'2010-01-19 17:02:53','2010-01-19 17:02:53');
/*!40000 ALTER TABLE `event_locations` ENABLE KEYS */;
UNLOCK TABLES;

--
-- Table structure for table `events`
--

DROP TABLE IF EXISTS `events`;
SET @saved_cs_client     = @@character_set_client;
SET character_set_client = utf8;
CREATE TABLE `events` (
  `id` int(11) NOT NULL auto_increment,
  `url_key` varchar(255) collate utf8_unicode_ci NOT NULL,
  `title` varchar(255) collate utf8_unicode_ci default NULL,
  `long_synopsis` text collate utf8_unicode_ci,
  `created_at` datetime default NULL,
  `updated_at` datetime default NULL,
  `imgev_file_name` varchar(255) collate utf8_unicode_ci default NULL,
  `imgev_content_type` varchar(255) collate utf8_unicode_ci default NULL,
  `imgev_file_size` int(11) default NULL,
  `imgev_updated_at` datetime default NULL,
  `notes` varchar(255) collate utf8_unicode_ci default NULL,
  `short_synopsis` varchar(40) collate utf8_unicode_ci default NULL,
  `date` datetime default NULL,
  `date_format` varchar(255) collate utf8_unicode_ci default '%b %d, %Y',
  PRIMARY KEY  (`id`),
  KEY `index_events_on_url_key` (`url_key`)
) ENGINE=InnoDB AUTO_INCREMENT=71 DEFAULT CHARSET=utf8 COLLATE=utf8_unicode_ci;
SET character_set_client = @saved_cs_client;

--
-- Dumping data for table `events`
--

LOCK TABLES `events` WRITE;
/*!40000 ALTER TABLE `events` DISABLE KEYS */;
INSERT INTO `events` VALUES (13,'3q8c','The Mission','The [Doctor](/characters/wx3n)\'s transmat journey is interrupted and he finds himself in desolate [wilderness](/places/x2qv). The [Time Lords](/groups/d325) are responsible and they have a mission for the Doctor: travel back in time and prevent the [Daleks](/groups/284h) from being created. It was to be this action that would prove to be the initial catalyst for the [Last Great Time War](/stories/cb9x).','2009-12-21 11:54:13','2010-02-01 12:09:17','mission00.jpg','image/jpeg',62396,'2010-01-14 09:55:23','','The Doctor must change history','0760-05-20 12:00:00','Date Unknown'),(14,'m5vr','The First Dalek','Separated from the [Doctor](/characters/wx3n) and [Harry](/characters/wn54), [Sarah](/characters/9pmq) has been left alone to wander the dangerous [wastelands](/places/x2qv) of [Skaro](/places/6mn8). Stumbling across a ruined building, she secretly observes the crippled scientist [Davros](/characters/b963) testing the weaponry of a prototype [Dalek](/groups/284h).','2009-12-21 12:09:27','2010-02-01 12:09:35','first00.jpg','image/jpeg',43484,'2010-01-14 10:06:44','','Sarah discovers a prototype Dalek','0760-05-20 12:05:00','Date Unknown'),(15,'nvcz','Interrogation','In the Kaled [bunker](/places/pn54) on [Skaro](/places/6mn8), [Davros](/characters/b963) demands that the [Doctor](/characters/wx3n) reveal to him the details of all [Dalek](/groups/284h) defeats in the future. If the Doctor refuses, Davros will torture [Sarah](/characters/9pmq) and [Harry](/characters/wn54).','2009-12-21 12:12:58','2010-02-01 12:09:46','interrogation00.jpg','image/jpeg',79192,'2010-01-14 10:31:53','','Davros tortures the Doctor\'s companions','0760-05-20 12:10:00','Date Unknown'),(16,'q4rg','Up Above the Gods','Left alone with [Davros](/characters/b963), the [Doctor](/characters/wx3n) poses a theoretical dilemma to the crippled Kaled scientist...','2009-12-21 12:15:08','2010-02-01 12:10:01','gods00.jpg','image/jpeg',60759,'2010-01-14 10:49:46','','Davros is insane','0760-05-20 12:15:00','Date Unknown'),(17,'5chj','Do I Have the Right?','In the [Kaled Bunker](/places/pn54) on [Skaro](/places/6mn8), the [Doctor](/characters/wx3n) prepares to fulfil his mission for the [Time Lords](/groups/d325) by destroying the embryonic [Dalek](/groups/284h) creatures created by [Davros](/characters/b963). But, at the crucial moment, the Doctor doubts his actions...','2009-12-21 12:17:14','2010-02-01 12:10:14','right00.jpg','image/jpeg',66203,'2010-01-14 11:04:56','','The Doctor hesistates at the last moment','0760-05-20 12:45:00','Date Unknown'),(18,'8rzf','Revolution of the Daleks','[Davros](/characters/b963) has brought about the destruction of his own race the Kaleds and has used his [Daleks](/groups/284h) to massacre the Thals. Apparently victorious, Davros has not anticipated that his own creations might turn on even him...\r\n','2009-12-21 12:18:55','2010-02-01 12:10:37','revolution00.jpg','image/jpeg',58555,'2010-01-14 11:27:16','','The Daleks turn on their own creator','0760-05-20 12:50:00','Date Unknown'),(19,'vhgb','Something Good','Despite the [Doctor](/characters/wx3n)\'s efforts, the [Daleks](/groups/284h) have survived. The Doctor tells [Sarah](/characters/9pmq) and [Harry](/characters/wn54) that although he has only set the Daleks\' development back by a thousand years, he still believes that something good will come from them.','2009-12-21 12:21:39','2010-02-01 12:10:56','aftermath02.jpg','image/jpeg',54705,'2010-01-15 14:54:11','','The Daleks have survived','0760-05-20 12:55:00','Date Unknown'),(20,'dmn8','Something Alien in Totter\'s Lane','The [Doctor](/characters/cgf9) and [Ace](/characters/rjbd) have landed in the [Shoreditch](/places/zb9x) area of [London](/places/wdxm) in 1963. An alien has been cornered by the army in the junkyard at [76 Totters Lane](/places/hfw6). Discovering the alien to be a [Dalek](/groups/284h), the Doctor and Ace go on the offensive...','2009-12-21 12:49:42','2010-01-25 16:10:51','alien00.jpg','image/jpeg',55435,'2010-01-14 13:21:38','','There\'s something nasty in the junkyard','1963-11-22 14:17:00','%b %d, %Y'),(21,'62qv','Discovery of the Transmat','Aware that [Daleks](/groups/284h) have been operating in the area of [Coal Hill School](/places/g963), the [Doctor](/characters/cgf9) and [Ace](/characters/rjbd)\'s investigations lead them to explore the cellar of the school. There they discover a Dalek transmat station...','2009-12-21 12:53:25','2010-01-25 16:15:38','transmat00.jpg','image/jpeg',63362,'2010-01-14 14:15:52','','Coal Hill School has been infiltrated','1963-11-22 15:18:00','%b %d, %Y'),(22,'xn54','Dalek Attack','Under the control of the [Daleks](/groups/284h), the headmaster of [Coal Hill School](/places/g963) has trapped the [Doctor](/characters/cgf9) in the school\'s [basement](/places/jdxm). There the Doctor prepares to become the victim of a Dalek as it elevates up the basement steps towards him.','2009-12-21 12:55:29','2010-01-25 16:51:05','dalekattack01.jpg','image/jpeg',78500,'2010-01-14 14:24:54','','The Doctor confronts a flying Dalek','1963-11-22 15:25:00','%b %d, %Y'),(23,'pq8c','Dalek Shuttle Lands','The [Imperial Daleks](/groups/d5vr) are determined to acquire the powerful [Hand of Omega](/things/wpmq) and send a squad of Daleks to [Earth](/places/fx3n) to retrieve the device. The [Doctor](/characters/cgf9) and [Ace](/characters/rjbd) watch as the Dalek shuttlecraft lands in the [playground](/places/f6p2) of [Coal Hill School](/places/g963) and the Daleks disembark.','2009-12-21 12:58:12','2010-01-25 17:02:53','landing00.jpg','image/jpeg',79154,'2010-01-14 14:50:43','','The Imperial Daleks land their ship','1963-11-23 11:00:00','%b %d, %Y'),(24,'35vr','Battle of the Daleks','The opposing factions of the [Imperial Daleks](/groups/d5vr) and the [Renegade Daleks](/groups/684h) clash on the [streets of Shoreditch](/places/zb9x). Both are determined to acquire the all powerful [Hand of Omega](/things/wpmq) for themselves.','2009-12-21 12:59:57','2010-01-26 10:19:18','dalekattack00.jpg','image/jpeg',82784,'2010-01-15 10:49:02','','Dalek civil war erupts on the streets','1963-11-23 12:00:00','%b %d, %Y'),(25,'n4rg','The Emperor Revealed','The [Imperial Daleks](/groups/d5vr) have been successful in their mission to steal the all powerful [Hand of Omega](/things/wpmq) from [Earth](/places/fx3n) and have returned with it to their orbiting [mothership](/places/rwdp). When the [Doctor](/characters/cgf9) contacts the Dalek ship, the Imperial Emperor Dalek reveals his true identity as [Davros](/characters/b963), creator of the Daleks.','2009-12-21 13:09:18','2010-01-26 10:38:43','revealed.jpg','image/jpeg',61467,'2010-01-15 11:00:24','','The Imperial Dalek leader is Davros','1963-11-23 14:00:00','%b %d, %Y'),(26,'qchj','Confrontation','The [Imperial Dalek](/groups/d5vr) Emperor has revealed itself to actually be the [Dalek](/groups/284h) creator, [Davros](/characters/b963). Now in posession of the [Time Lord](/groups/d325)\'s [Hand of Omega](/things/wpmq), Davros announces his plans to turn [Skaro](/places/6mn8)\'s sun into a huge power source which he will use to destroy the Time Lords.','2009-12-21 13:11:35','2010-01-26 11:08:39','confrontation.jpg','image/jpeg',60145,'2010-01-15 11:16:20','','The Doctor and Davros fence with words','1963-11-23 14:01:00','%b %d, %Y'),(27,'5rzf','Davros Uses the Hand of Omega','Now in posession of the powerful [Hand of Omega](/things/wpmq), [Davros](/characters/b963) is goaded into launching the device with the intention of turning [Skaro](/places/6mn8)\'s sun into a huge source of energy.','2009-12-21 13:13:15','2010-01-26 11:12:52','activate.jpg','image/jpeg',65035,'2010-01-15 11:21:10','','The stellar manipulator is launched','1963-11-23 14:05:00','%b %d, %Y'),(28,'8hgb','Skaro Destroyed','[Davros](/characters/b963) has launched the [Time Lord](/groups/d325) stellar manipulator known as the [Hand of Omega](/things/wpmq) with the intention of turning [Skaro](/places/6mn8)\'s sun into a source of unimaginable power. But the [Doctor](/characters/cgf9) is one step ahead of Davros and Skaro is destored. The Doctor\'s actions contributed to the conflict between the [Daleks](/groups/284h) and the Time Lords that would ultimately lead to the [Last Great Time War](/stories/cb9x).','2009-12-21 13:15:42','2010-01-26 11:16:07','skaro00.jpg','image/jpeg',61050,'2010-01-15 11:28:52','','It\'s the end for the Dalek homeworld','1963-11-23 14:10:00','%b %d, %Y'),(29,'vzjw','Escape Capsule Launched','The [Doctor](/characters/cgf9) has tricked [Davros](/characters/b963) into launching the [Hand of Omega](/things/wpmq) device and it has destroyed [Skaro](/places/6mn8), the homeworld of the [Daleks](/groups/284h). The device is on its return journey to the [Dalek mothership](/places/rwdp) and, if he is to escape death, Davros has no choice but to flee!','2009-12-21 13:16:29','2010-01-26 11:19:25','escape.jpg','image/jpeg',61149,'2010-01-15 11:35:45','','Davros makes a run for it','1963-11-23 14:12:00','%b %d, %Y'),(30,'xq8c','The Earth Moves','Having received a warning of imminent doom on a universal scale from [Rose Tyler](/characters/rfw6), the [Doctor](/characters/m2qv) and [Donna](/characters/2n54) hurry back to [Earth](/places/fx3n). There though, all seems well until the entire planet completely disappears, leaving the [TARDIS](/things/n84h) suspended in space.','2009-12-21 16:05:09','2010-01-26 12:22:34','stolen00.jpg','image/jpeg',65310,'2010-01-15 10:28:47','','The whole world disappears','2009-05-20 10:00:00','%Y'),(31,'p5vr','Solving the Poosh Puzzle','In an attempt to track down the missing [Earth](/places/fx3n), the [Doctor](/characters/m2qv) and [Donna](/characters/2n54) travel to the [Shadow Proclamation](/places/nhgb). There they learn that the [arth is just one of twenty-seven planets that have gone missing. The Doctor deduces that together, the planets will form a massive power house.','2009-12-21 16:09:51','2010-01-26 12:27:45','poosh01.jpg','image/jpeg',63578,'2010-01-15 15:37:00','','Twenty-seven planets have been stolen','2009-05-20 10:30:00','%Y'),(32,'384h','Dialling the Doctor','The [Earth](/places/fx3n) has been stolen by the [Daleks](/groups/284h) and the population subjugated. In an attempt to contact the [Doctor](/characters/m2qv), ex-Prime Minister, [Harriet Jones](/characters/zwdp) opens her sub-wave network to [Sarah Jane Smith](/characters/9pmq), [Captain Jack Harkness](/characters/hb9x) at Torchwood and [Martha Jones](/characters/bwdp). The combined effort of the Doctor\'s army of friends allows them to send a telephone signal to the Doctor. ','2009-12-21 16:11:28','2010-01-26 12:32:30','calling00.jpg','image/jpeg',63775,'2010-01-15 16:00:20','','The Doctor\'s friends send him a signal','2009-05-20 10:45:00','%Y'),(33,'mvcz','Your Voice is Different','Having located the [Earth](/places/fx3n), the [Doctor](/characters/m2qv)\'s communication with his friends is interrupted. When [Davros](/characters/b963) appears on the screen before him, the Doctor is speechless as he believed Davros to have been killed in the [Last Great Time War](/stories/cb9x). Davros clearly survived though and he has created a new race of [Daleks](/groups/284h) from the cells of his own body.','2009-12-21 16:16:24','2010-01-26 12:46:06','familiar.jpg','image/jpeg',70284,'2010-01-15 16:16:13','','Davros survived the Last Great Time War','2009-05-20 11:00:00','%Y'),(34,'24rg','Reunion Interrupted','Having located the stolen [Earth](/places/fx3n), the [Doctor](/characters/m2qv) pilots the [TARDIS](/things/n84h) there. The Doctor is overjoyed to see [Rose Tyler](/characters/rfw6) waiting for him but their reunion is cut short by the unwelcome arrival of a [Dalek](/groups/284h) which fires its deathray at the Doctor.','2009-12-21 16:18:16','2010-01-26 12:48:45','reunion00.jpg','image/jpeg',71435,'2010-01-15 17:06:03','','The Doctor and Rose find each other','2009-05-20 11:10:00','%Y'),(35,'nchj','Davros\'s Plan','The [Doctor](/characters/m2qv), [Captain Jack](/characters/hb9x) and [Rose](/characters/rfw6) are prisoners of the [Daleks](/groups/284h) on the giant [Crucible](/places/h963) in the [Medusa Cascade](/places/w325). The Dalek creator, [Davros](/characters/b963), reveals his ultimate plan to use twenty-seven stolen planets as a vast energy source to power the devastating reality bomb.','2009-12-21 16:21:32','2010-01-26 12:54:27','plan.jpg','image/jpeg',76766,'2010-01-18 16:24:52','','Davros intends to destroy reality itself','2009-05-20 11:20:00','%Y'),(36,'qrzf','Metacrisis','[Donna](/characters/2n54) is trapped alone inside the [TARDIS](/things/n84h) as it faces destruction in the burning heart of the Dalek\'s [Crucible](/places/h963). She is strangely drawn to the flask containing the Doctor\'s severed [hand](/things/vb9x) and an incredible transformation begins...','2009-12-21 16:22:38','2010-01-26 12:51:16','meta01.jpg','image/jpeg',74089,'2010-01-19 10:39:46','','A double of the Doctor is born','2009-05-20 11:18:00','%Y'),(37,'5hgb','We Have Come Full Circle','The [Doctor](/characters/m2qv) and [Rose](/characters/rfw6) are held prisoner by [Davros](/characters/b963) and the [Daleks](/groups/284h) on the [Crucible](/places/h963). A transmission is received from [Captain Jack Harkness](/characters/hb9x) who threatens to detonate a warp star crystal which would destroy the Dalek\'s world ship. With him are Rose\'s mother, Jackie, Mickey Smith and [Sarah Jane Smith](/characters/9pmq). Davros recognises Sarah from long ago on the planet [Skaro](/places/6mn8).','2009-12-21 16:23:37','2010-01-26 12:57:44','fullcircle01.jpg','image/jpeg',60555,'2010-01-19 12:16:54','','Davros recognises Sarah Jane from Skaro','2009-05-20 11:40:00','%Y'),(38,'8zjw','I Have Shown You Yourself','Held prisoner by [Davros](/characters/b963) on the [Dalek](/groups/284h)\'s [Crucible](/places/h963), the [Doctor](/characters/m2qv) watches as his companions threaten to sacrifice themselves to defeat the Daleks. Davros attempts to cast doubt on the Doctor\'s hate of violence and accuses him of turning his companions into murderers.','2009-12-21 16:24:28','2010-01-26 13:36:43','yourself01.jpg','image/jpeg',58841,'2010-01-19 14:50:41','','Davros accuses the Doctor of hypocrisy','2009-05-20 11:50:00','%Y'),(39,'vgf9','DoctorDonna: Super Temp','At [Davros](/characters/b963)\'s command, the [Daleks](/groups/284h) have started the countdown to the detonation of the reality bomb which will destroy all of creation. The [Doctor](/characters/m2qv) and his companions are powerless to act, until [Donna](/characters/2n54) suddenly surprises everyone...','2009-12-21 16:25:32','2010-01-26 13:39:22','doctordonna.jpg','image/jpeg',73789,'2010-01-19 15:34:08','','Donna saves the Universe from the Daleks','2009-05-20 12:00:00','%Y'),(40,'4jbd','Caan\'s Betrayal','Defeated by [Donna Noble](/characters/2n54)and the [Doctor](/characters/m2qv) and his [half-human duplicate](/characters/d2qv), [Davros](/characters/b963) demands to know why [Dalek Caan](/characters/cfw6) had not predicted the failure of his plan. ','2009-12-21 16:27:10','2010-01-26 13:42:50','caan.jpg','image/jpeg',68192,'2010-01-19 15:51:30','','Dalek Caan has lied to Davros','2009-05-20 12:10:00','%Y'),(41,'rb9x','Doctor 10.5\'s Revenge','The [half-human version](/characters/d2qv) of the [Doctor](/characters/m2qv) decides that he cannot allow the [Dalek](/groups/284h) race to live and instigates their total destruction.','2009-12-21 16:29:33','2010-01-26 13:46:41','revenge.jpg','image/jpeg',107334,'2010-01-19 16:06:06','','The Doctor\'s double takes drastic action','2009-05-20 12:20:00','%Y'),(42,'hwdp','Destroyer of Worlds','The [Daleks](/groups/284h) have been destroyed and the [Crucible](/places/h963) worldship is collapsing. Refusing the [Doctor](/characters/m2qv)\'s offer of help, [Davros](/characters/b963) brands him \'the destroyer of worlds\'. [Dalek Caan](/characters/cfw6) reminds the Doctor that according to the prophecy, one of his companions will die.','2009-12-21 16:30:56','2010-01-26 13:48:48','destroyer.jpg','image/jpeg',71549,'2010-01-19 16:25:34','','Davros curses the Doctor','2009-05-20 12:30:00','%Y'),(43,'z963','Back to the Beach','With the [Daleks](/groups/284h) and [Davros](/characters/b963) defeated, the [Doctor](/characters/m2qv) returns Jackie, [Rose](/characters/rfw6) and the  [half-human version of himself](/characters/d2qv) to [Bad Wolf Bay](/places/6n54) in the alternate universe. Rose is reluctant to say goodbye to the Doctor once again, but the half-human Doctor will remain with her.','2009-12-21 16:35:18','2010-01-26 13:51:46','badwolf.jpg','image/jpeg',63950,'2010-01-19 16:45:48','','Goodbye to Rose on Bad Wolf Bay','2009-05-20 12:45:00','%Y'),(44,'g6p2','The End for DoctorDonna','[Donna](/characters/2n54) has become part human, part [Time Lord](/groups/d325), but her mind is unable to cope and is beginning to break down. To save her life, the [Doctor](/characters/m2qv) has no choice but to take her mermories of her time in the [TARDIS](/things/n84h) from her and return her to her life on [Earth](/places/fx3n).','2009-12-21 16:37:06','2010-01-26 13:54:33','endofdoctordonna.jpg','image/jpeg',90409,'2010-01-19 17:02:44','','The Doctor has to save Donna\'s life','2009-05-20 12:55:00','%Y'),(45,'b325','Ood attacks!','Bartle, CEO of [Ood Operations](/places/6pmq), is under pressure to improve sales. When he asks [Ood Delta 50](/characters/rhgb) for the files, his servant unexpectedly refuses and fatally attacks him.','2010-01-05 10:34:25','2010-01-26 15:14:26','Ood_attacks.png','image/png',323079,'2010-01-05 10:34:24','04.03.01','Mr Bartle gives his last orders','4126-04-06 09:00:00','%Y'),(46,'92qv','Executive Stress','As [Chief Executive Klineman Halpen](/characters/nq8c) reviews the recent murder of his managing director, Bartle, he requests a glass of hair tonic from his assistant, [Ood Sigma](/characters/hzjw). Years of stress have resulted in Klineman losing his hair and he is eager to get it back.','2010-01-05 10:42:20','2010-01-26 15:15:57','Halpen_takes_hair_tonic.png','image/png',682465,'2010-01-05 10:42:19','04.03.02','Halpen is losing his hair','4126-04-06 09:10:00','%Y'),(47,'dn54','Dying Ood','Having just arrived on the [Ood Sphere](/places/32qv), the [Doctor](/characters/m2qv) and [Donna](/characters/2n54) discover a dying [Ood](/groups/gfw6). It is [Ood Delta 50](/characters/rhgb) who earlier attacked and killed Mr Bartle, the Managing Director of Ood Operations.','2010-01-05 10:45:38','2010-01-26 15:19:01','dying.jpg','image/jpeg',89161,'2010-01-21 10:29:25','04.03.03','It\'s the end for Ood Delta 50','4126-04-06 09:20:00','%Y'),(48,'6q8c','Hind Brain','On the run from [Halpen](/characters/nq8c)\'s security guards, the [Doctor](/characters/m2qv) and [Donna](/characters/2n54) break into an [Ood](/groups/gfw6) holding cell. The Ood there are natural born Ood who haven\'t been processed and the Doctor and Donna discover the hideous secret of what mankind has been doing to the Ood...','2010-01-05 10:48:26','2010-01-26 15:21:03','Picture_32.png','image/png',854724,'2010-01-05 10:48:24','04.03.04','The truth about the Ood is revealed','4126-04-06 09:29:00','%Y'),(49,'x5vr','Revolting Ood','As [Halpen](/characters/nq8c) prepares to solve the [Ood](/groups/gfw6) problem by gassing them, the Ood begin to turn on their masters en masse. As there eyes turn red, the Ood begin to kill the humans with their [translator balls](/things/wmn8).','2010-01-05 10:51:02','2010-01-26 15:24:23','revolt.jpg','image/jpeg',94385,'2010-01-21 10:53:10','04.03.05','The Ood fight back','4126-04-06 09:30:00','%Y'),(50,'p84h','Hidden in Warehouse 15','The [Doctor](/characters/m2qv) has deduced that although the [Ood](/groups/gfw6) have two brains, there would need to be a third element to keep them alive. The Doctor and [Donna](/characters/2n54) discover the missing element locked away in a warehouse...','2010-01-05 10:53:37','2010-01-26 15:26:37','hidden.jpg','image/jpeg',85840,'2010-01-21 11:54:58','04.03.06','The Ood Brain is kept a prisoner','4126-04-06 09:50:00','%Y'),(51,'3vcz','Ood Halpen','[Mr Halpen](/characters/nq8c) holds the [Doctor](/characters/m2qv), [Donna](/characters/2n54) and [Ood Sigma](/characters/hzjw) at gunpoint. When Ood sigma offers Halpen more [hair tonic](/things/xmn8), Halpen suddenly realises that what Sigma has been feeding him all along isn\'t hair tonic at all. In fact it is Ood graft which is now triggering an incredible metamorphosis in Halpen...','2010-01-05 11:00:42','2010-01-26 15:29:00','Picture_12.png','image/png',600401,'2010-01-05 11:00:41','04.03.07','Halpen has a change of life','4126-04-06 10:00:00','%Y'),(52,'m4rg','The circle is broken','When [Kleinman Halpen](/characters/nq8c) is turned into an [Ood](/groups/gfw6), the Doctor is free to release the [Ood Brain](/characters/crzf) from the forcefield that has encircled it for centuries. Free once more, the Brain is able to sing to the Ood across the Universe and call them home...','2010-01-05 11:03:39','2010-01-26 15:31:29','Picture_5.png','image/png',816073,'2010-01-05 11:03:38','04.03.08','The Ood Brain is set free and sings','4126-04-06 10:10:00','%Y'),(53,'2chj','Every song must end','[Ood Operations](/places/6pmq) has been closed down and the [Ood](/groups/gfw6) are free again after centuries of enslavement. [Ood Sigma](/characters/hzjw) thanks the [Doctor](/characters/m2qv) and [Donna](/characters/2n54) for their help and invites them to remain with the Ood and join the song...','2010-01-05 11:05:53','2010-01-26 15:35:39','Picture_6.png','image/png',638323,'2010-01-05 11:05:52','04.03.09','The Doctor receives a warning','4126-04-06 10:20:00','%Y'),(54,'nrzf','\"We\'ve found real people!\"','The 10th Doctor and Rose Tyler find themselves in midst of chaos on board a Torchwood mission spaceship.','2010-01-05 12:01:01','2010-01-22 15:35:06','Picture_13.png','image/png',602688,'2010-01-05 12:09:15','02.10.01','The Doctor and Rose are on a spaceship','2010-04-06 09:01:00','%b %d, %Y'),(55,'8gf9','This is home','Ida introduces Doc and Rose to the ship\'s crew and explains what their impossible situation. 4:03 - 5:09','2010-01-05 12:06:12','2010-01-22 15:35:39','Picture_20.png','image/png',659464,'2010-01-05 12:06:11','02.10.02','Ida makes introductions','2010-04-06 09:02:00','%b %d, %Y'),(56,'zdxm','Sally Discovers Wester Drumlins','Looking for interesting photo opportunities, [Sally Sparrow](/characters/jfw6) breaks into the abandoned [Wester Drumlins House](/places/96p2).','2010-01-07 09:51:49','2010-01-25 11:58:14','sallydsicovers2.jpg','image/jpeg',105838,'2010-01-13 10:48:59','','Sally breaks into the old, empty house','2007-06-01 22:00:00','%Y'),(57,'gx3n','A Message from the Doctor','As [Sally Sparrow](/characters/jfw6) explores the [old house at Wester Drumlins](/places/96p2), she spots some writing beneath the peeling wallpaper. As she rips off the paper, she discovers that the writing is actually a [message](/things/qvcz) to her from the [Doctor](/characters/m2qv), written over thirty-five years ago.','2010-01-07 09:54:33','2010-01-25 12:09:09','message01.jpg','image/jpeg',83995,'2010-01-13 11:01:21','','Sally Sparrow finds a message from 1969','2007-06-01 22:02:00','%Y'),(58,'jpmq','Sally Finds the Weeping Angel','While exploring the [old house at Wester Drumlins](/places/96p2), a rock is thrown at [Sally Sparrow](/characters/jfw6). When she investigates, all she finds is what appears to be a statue of a [weeping angel](/groups/xpmq).','2010-01-07 09:55:24','2010-01-25 12:17:42','discover_main.jpg','image/jpeg',66461,'2010-01-13 11:09:36','','A statue of an angel stands outside','2007-06-01 22:06:00','%Y'),(59,'f325','When Sally Met Larry','Following her disturing experiences at the old [Wester Drumlins house](/places/96p2), [Sally Sparrow](/characters/jfw6) pays a late night visit on her friend, [Kathy Nightingale](/characters/fb9x). Letting herself into [Kathy\'s house](/places/qzjw), Sally has an unexpected introduction to Kathy\'s brother, [Larry](/characters/w963)...','2010-01-07 09:56:50','2010-01-25 12:23:32','meetlarry00.jpg','image/jpeg',56306,'2010-01-13 11:20:35','','Sally gets an eyful of Larry','2007-06-02 01:00:00','%Y'),(60,'bmn8','Sally and Kathy Go to Wester Drumlins','When [Sally](/characters/jfw6) tells [Kathy](/characters/fb9x) about her experiences at the [Wester Drumlins House](/places/96p2), Kathy agrees to accompany Sally back to the house in daylight. ','2010-01-07 09:57:40','2010-01-25 12:28:41','return00.jpg','image/jpeg',93648,'2010-01-13 11:33:18','','Sally is glad of Kathy\'s company','2007-06-02 10:00:00','%Y'),(61,'w2qv','An Unexpected Delivery','[Sally Sparrow](/characters/jfw6) is exploring the abandoned [house](/places/96p2) at Wester Drumlins with her friend [Kathy](/characters/fb9x) when there is an unexpected knock at the door. The visitor is [Malcolm Wainwright](/characters/d6p2) who somehow knew that Sally would be at the house. Malcolm has a letter to deliver to Sally from his grandmother.','2010-01-07 09:58:35','2010-01-25 12:30:42','delivery.jpg','image/jpeg',62107,'2010-01-12 15:51:03','','A letter from an old friend','2007-06-02 10:15:00','%Y'),(62,'9n54','The DVD List','[Sally Sparrow](/characters/jfw6)\'s friend [Kathy](/characters/fb9x) has been thrown back in time to 1920 and Sally visits Kath\'s brother [Larry](/characters/w963) at the [DVD store](/places/vfw6) where he works. There Larry reveals his fascination for a bizarre [DVD extra](/things/hdxm) that is hidden on [seventeen DVD](/things/54rg)s.','2010-01-07 09:59:33','2010-01-25 12:39:31','list02.jpg','image/jpeg',72604,'2010-01-13 11:53:24','','Larry tells Sally about the Easter egg','2007-06-02 11:00:00','%Y'),(63,'dq8c','Sally Meets Billy','Following her friend [Kathy](/characters/fb9x)\'s apparent disappearance into the past, [Sally Sparrow](/characters/jfw6) decides to go to the police. At the [police station](/places/4b9x), Sally meets [DI Billy Shipton](/characters/9dxm) who tells her that Kathy is not the only person to go missing at the [Wester Drumlins estate](/places/96p2).','2010-01-07 10:00:43','2010-01-25 12:42:39','meetsbilly00.jpg','image/jpeg',84134,'2010-01-13 12:39:31','','Billy Shipton likes the look of Sally','2007-06-02 11:15:00','%Y'),(64,'65vr','Billy Meets the Doctor','[Billy Shipton](/characters/9dxm) becomes a victim of the [Weeping Angels](/groups/xpmq) and is surprised to find himself transported back in time to a [London backstreet](/places/cwdp) in 1969. Fortunately the [Doctor](/characters/m2qv) and [Martha Jones](/characters/bwdp) are on hand to help him through his ordeal.','2010-01-07 10:01:45','2010-01-25 12:47:09','billyanddoctor.jpg','image/jpeg',66278,'2010-01-12 16:07:30','','The Doctor finds Billy in 1969','1969-06-02 11:30:00','%Y'),(65,'x84h','Billy in the Hospital','Only minutes after meeting [Billy Shipton](/characters/9dxm), [Sally Sparrow](/characters/jfw6) receives a phone call summoning her to the [hospital](/places/r963). There she meets Billy again, but for him over thirty-five years have passed. Before he dies, Billy passes on a message to Sally from the [Doctor](/characters/m2qv)...','2010-01-07 10:07:21','2010-01-25 12:49:37','billyinhospital02.jpg','image/jpeg',70597,'2010-01-13 12:55:27','','Dieing Billy gives a message to Sally','2007-06-02 15:00:00','%Y'),(66,'pvcz','The Doctor on DVD','[Sally Sparrow](/characters/jfw6) has worked out that the [seventeen DVD](/things/54rg)s on which the [Doctor](/characters/m2qv)\'s [hidden message](/things/hdxm) appear are the seventeen DVDs that she owns. The message is for her. She asks [Larry Nightingale](/characters/w963) to meet her at the [Wester Drumlins House](/places/96p2) with a portable DVD player...','2010-01-07 10:08:10','2010-01-25 13:00:32','dvdmessage00.jpg','image/jpeg',66817,'2010-01-13 13:06:28','','Sally talks to a man in the past','2007-06-02 18:00:00','%Y'),(67,'34rg','Discovering the TARDIS','[Sally Sparrow](/characters/jfw6) and [Larry Nightingale](/characters/w963) are trapped in the [Wester Drumlins House](/places/96p2) by the [Weeping Angels](/groups/xpmq). There only route of escape is down to the [cellar](/places/z6p2). There they discover the [TARDIS](/things/n84h), but the Angels are closing in...','2010-01-07 10:08:50','2010-01-25 13:12:02','discovertardis01.jpg','image/jpeg',64514,'2010-01-13 13:18:16','','Sally and Larry find the Doctor\'s ship','2007-06-02 19:00:00','%Y'),(68,'mchj','Frozen Angels','[Sally Sparrow](/characters/jfw6) and [Larry Nightingale](/characters/w963) have sought refuge in the [TARDIS](/things/n84h) from the attacking [Weeping Angels](/groups/xpmq). The TARDIS autopilot is activated and Sally and Larry are horrified when they realise that the ship is disappearing around them, apparently placing them at the mercy of the Angels that wait outside.','2010-01-07 10:09:26','2010-01-25 13:14:18','frozen01.jpg','image/jpeg',73920,'2010-01-13 13:27:15','','The Doctor\'s trap is sprung','2007-06-02 19:06:00','%Y'),(69,'2rzf','Sally Meets the Doctor','One year after her encounter with the [Weeping Angels](/groups/xpmq), [Sally Sparrow](/characters/jfw6) finally meets the [Doctor](/characters/m2qv) and [Martha](/characters/bwdp) in the flesh. She is able to give them the [list of DVDs](/things/54rg) that she owns and other information to allow the Doctor to contact her from the past when he becomes trapped there by the Angels. ','2010-01-07 10:09:46','2010-01-25 13:16:24','meetthedoctor00.jpg','image/jpeg',75685,'2010-01-13 13:38:10','','Sally solves the puzzle','2008-06-01 10:09:00','%Y'),(70,'gpmq','Step Back in Time','Touched by the [Weeping Angels](/groups/xpmq), [Kathy Nightingale](/characters/fb9x) is thrown back in time to a [Field in Hull](/places/8jbd) in 1920. There she meets her future husband, [Ben Wainwright](/characters/6x3n).','2010-01-12 15:57:39','2010-01-25 12:32:38','backintime.jpg','image/jpeg',66540,'2010-01-12 15:57:39','','Kathy finds herself in 1920','1920-12-05 12:00:00','%b %d, %Y');
/*!40000 ALTER TABLE `events` ENABLE KEYS */;
UNLOCK TABLES;

--
-- Table structure for table `involvement_types`
--

DROP TABLE IF EXISTS `involvement_types`;
SET @saved_cs_client     = @@character_set_client;
SET character_set_client = utf8;
CREATE TABLE `involvement_types` (
  `id` int(11) NOT NULL auto_increment,
  `key` varchar(255) collate utf8_unicode_ci default NULL,
  `created_at` datetime default NULL,
  `updated_at` datetime default NULL,
  PRIMARY KEY  (`id`)
) ENGINE=InnoDB AUTO_INCREMENT=3 DEFAULT CHARSET=utf8 COLLATE=utf8_unicode_ci;
SET character_set_client = @saved_cs_client;

--
-- Dumping data for table `involvement_types`
--

LOCK TABLES `involvement_types` WRITE;
/*!40000 ALTER TABLE `involvement_types` DISABLE KEYS */;
INSERT INTO `involvement_types` VALUES (1,'featured-in','2009-11-26 14:02:28','2009-11-26 14:02:28'),(2,'Attacks','2010-01-05 10:38:38','2010-01-05 10:38:38');
/*!40000 ALTER TABLE `involvement_types` ENABLE KEYS */;
UNLOCK TABLES;

--
-- Table structure for table `locations`
--

DROP TABLE IF EXISTS `locations`;
SET @saved_cs_client     = @@character_set_client;
SET character_set_client = utf8;
CREATE TABLE `locations` (
  `id` int(11) NOT NULL auto_increment,
  `url_key` varchar(255) collate utf8_unicode_ci NOT NULL,
  `title` varchar(255) collate utf8_unicode_ci default NULL,
  `long_synopsis` text collate utf8_unicode_ci,
  `created_at` datetime default NULL,
  `updated_at` datetime default NULL,
  `parent_id` int(11) default NULL,
  `imgl_file_name` varchar(255) collate utf8_unicode_ci default NULL,
  `imgl_content_type` varchar(255) collate utf8_unicode_ci default NULL,
  `imgl_file_size` int(11) default NULL,
  `imgl_updated_at` datetime default NULL,
  `short_synopsis` varchar(40) collate utf8_unicode_ci default NULL,
  PRIMARY KEY  (`id`),
  KEY `index_locations_on_url_key` (`url_key`),
  KEY `index_locations_on_parent_id` (`parent_id`)
) ENGINE=InnoDB AUTO_INCREMENT=50 DEFAULT CHARSET=utf8 COLLATE=utf8_unicode_ci;
SET character_set_client = @saved_cs_client;

--
-- Dumping data for table `locations`
--

LOCK TABLES `locations` WRITE;
/*!40000 ALTER TABLE `locations` DISABLE KEYS */;
INSERT INTO `locations` VALUES (1,'wdxm','London','The capital city of England. London has been the focus of several alien incursions during its long history.','2009-11-17 17:50:38','2010-01-20 12:55:36',NULL,'London.jpg','image/jpeg',82308,'2010-01-07 16:12:58','The capital city of England.'),(2,'96p2','Wester Drumlins House','An abandoned and dilapidated old house in West London. Wester Drumlins House is the site of a number of unexplained disappearances from 2005 to 2007. Many cars have been discovered here, some with their engines still running, but their owners are nowhere to be found.\r\n\r\nAn ongoing investigation into the disappearances is being conducted by the Metropolitan Police, led by [DI Shipton](/characters/9dxm).','2009-11-17 17:50:50','2010-01-25 13:34:42',1,'Wester_Drumlins.jpg','image/jpeg',99768,'2010-01-08 10:22:31','Home of the angels'),(3,'dx3n','Warehouse 15','A secure facility that is part of Ood Operations on the Ood Sphere. \r\n\r\nWhen Klineman Halpen\'s ancestors discovered the Ood Brain beneath a glacier, they moved it to Warehouse 15 where it has remained ever since. ','2009-11-17 17:51:35','2010-01-15 09:55:37',4,'warehouse15int.jpg','image/jpeg',100237,'2010-01-05 13:32:14','Home of the Ood Brain'),(4,'6pmq','Ood Operations','A large industrial complex located on the Ood\'s home planet, the Ood-Sphere. The Ood are processed and prepared for sale here and exported throughout the human empire.','2009-11-17 17:51:58','2010-01-15 09:56:26',7,'Picture_2.png','image/png',270985,'2010-01-04 15:06:32','Headquarters for Ood distribution'),(5,'x325','TARDIS','Officially referred to as a TT Capsule, the TARDIS ships are the product of advanced [Time Lord](/groups/d325) technology, allowing the occupants to travel anywhere in time and space. The name TARDIS was invented by the [Doctor](/characters/m2qv)\'s granddaughter, Susan who created the acronym from the initials Time and Relative Dimension in Space. \r\n\r\nThe Doctor\'s TARDIS is a now obsolete Type 40 model. The interior of the ship is dimensionally transcendental, which means that it is bigger on the inside than the outside. A fully operational TARDIS has a chameleon circuit that allows the exterior of the ship to change form and to blend in with its surroundings. However, on a visit to [London](/places/wdxm), the chameleon circuit of the Doctor\'s TARDIS malfunctioned and the exterior has remained stuck in the shape of an old fashioned police telephone box ever since.\r\n\r\nThe design and layout of the interior of the TARDIS has frequently changed over the many years that the Doctor has been travelling in it. In one form or another though, it has always had a main control room, known as the Console Room, from which the ship can be operated. However, the Doctor\'s ability to accurately direct the flight of his ship has often been rather hit-and-miss. Amongst other rooms and facilities, the TARDIS also has a large wardrobe, a swimming pool, a laboratory, a zero room, bedrooms, cloisters and a food machine.','2009-11-17 17:52:12','2010-01-25 13:47:40',NULL,'TARDIS_int.jpg','image/jpeg',100166,'2010-01-08 11:05:15','The Doctor\'s time/space vehicle'),(7,'32qv','Ood-Sphere','The [Ood](/groups/gfw6)\'s home planet is a cold, snow covered wilderness with spectacular mountains, high cliffs and glaciers. [Ood Operations](/places/6pmq) was established on the Ood-Sphere when mankind subjugated the Ood and exported them as slaves.\r\n\r\nThe Ood-Sphere is a neighbouring world of [Sense-Sphere](/places/4gf9).','2009-11-17 17:53:53','2010-01-29 10:01:11',NULL,'Ood_sphere.png','image/png',582305,'2010-01-04 15:06:54','Homeworld of the Ood'),(23,'6mn8','Skaro','The home planet of two humanoid races, the Kaleds and the blonde Thals. A thousand year war raged between the two races leaving the planet ravaged by radiation and chemical warfare. Although both the Thals and the Kaleds survived, the Kaleds only did so as horribly mutated creatures that had to exist inside armed travel machines and became known as [Daleks](/groups/284h). \r\n\r\nIn the aftermath of the war, exoctic plant and animal life flourished in many parts of Skaro whilst other areas remained as desolate wilderness. \r\n\r\nSkaro is completely destroyed when the [Time Lord](/groups/d325) stellar manipulator known as [The Hand of Omega](/things/wpmq) causes its sun to go supernova.','2009-12-21 11:50:24','2010-01-26 11:49:41',NULL,'skaro.jpg','image/jpeg',76263,'2010-01-05 19:31:34','The Dalek homeworld'),(24,'x2qv','Skaro Wastelands','After a thousdand years of war between the Kaleds and the Thals, many areas of [Skaro](/places/6mn8) became uninhabitable. These wastelands were contaminated by radiation and chemical warfare and were home only to the Mutos - Thals and Kaleds who had become mutated by the radiation and exiled by their own people.','2009-12-21 11:50:53','2010-01-25 15:27:15',23,'wastelands.jpg','image/jpeg',66722,'2010-01-05 12:02:28','Battle scarred wilderness of Skaro'),(25,'pn54','Kaled Bunker','Located underground some distance from the Kaled city on [Skaro](/places/6mn8). The Bunker housed [Davros](/characters/b963)\'s scientific think-tank where he lead a team of scientists on a variety of research and development projects. In particular, the Bunker was the birthplace of the first [Daleks](/groups/284h).','2009-12-21 11:52:08','2010-01-25 15:29:51',24,'kaledbunker.jpg','image/jpeg',77462,'2010-01-05 12:02:41','Davros\'s base of operations on Skaro'),(26,'hfw6','76 Totters Lane','A large junkyard in the [Shoreditch](/places/zb9x) area of [London](/places/wdxm). The proprietor of the yard is IM Foreman.\r\n\r\nIn 1963, the [Doctor](/characters/3mn8)\'s TARDIS rests in the junkyard for several months whilst the [First Doctor](/characters/4zjw)\'s granddaughter, Susan, attends [Coal Hill School](/places/g963). Susan adopts the name \'Foreman\' as her surname.\r\n\r\nShortly after the First Doctor\'s visit, the [Seventh Doctor](/characters/cgf9) returns to the junkyard which is the site of a battle between the British army and a [Renegade Dalek](/groups/684h).\r\n\r\nIn 1986, the TARDIS once again lands in the junkyard when the Sixth Doctor is attempting to track down a distress signal which is broadcasting from a nearby location.','2009-12-21 12:36:55','2010-01-26 11:29:04',1,'junkyard.jpg','image/jpeg',55462,'2010-01-05 11:22:35','Junkyard belonging to I M Forman'),(27,'zb9x','Shoreditch','In 1963, the streets of Shoreditch near [Coal Hill School](/places/g963) and I.M. Foreman\'s [junkyard](/places/hfw6) become the battleground for a violent conflict between the [Imperial](/groups/d5vr) and [Renegade Dalek](/groups/684h) factions.','2009-12-21 12:38:43','2010-01-26 11:35:13',1,'streets.jpg','image/jpeg',84703,'2010-01-05 10:49:41','Streets in East London'),(28,'g963','Coal Hill School','A secondary school in the [Shoreditch](/places/zb9x) area of [London](/places/wdxm).\r\n\r\nIn 1963, Susan Foreman attends the school as a pupil for six months. Two of her teachers there are Barbara Wright and Ian Chesterton. \r\n\r\nIn November 1963 the School becomes the focus for [Dalek](/groups/284h) activity who use it as the staging post for their hunt for the [Hand of Omega](/things/wpmq) device. ','2009-12-21 12:39:05','2010-01-25 16:21:18',1,'coalhilschool.jpg','image/jpeg',90650,'2010-01-05 12:13:55','School in Shoreditch, London'),(29,'jdxm','School Basement','The cellar beneath [Coal Hill School](/places/g963). In 1963, the basement is the site of a hidden [Imperial Dalek](/groups/d5vr) transmat station. ','2009-12-21 12:39:19','2010-01-26 11:33:15',28,'basement.jpg','image/jpeg',71085,'2010-01-05 11:08:22','Site of a hidden Dalek transmat station'),(30,'f6p2','School Playground','The play area within the walled grounds of Coal Hill School. The playground is the landing site of an Imperial Dalek shuttle craft in 1963.','2009-12-21 12:39:32','2010-01-18 15:25:23',28,'schoolyard.jpg','image/jpeg',87607,'2010-01-05 10:35:16','Landing site for a Dalek shuttle'),(32,'4gf9','Sense-Sphere','A world with two suns and therefore without a natural night-time. Sense-Sphere is inhabited by the Sesorites who are telepathic. \r\n\r\nSenses-Sphere is a neighbouring world of the [Ood-Sphere](/places/32qv). It is rich in molybdenum and in the 28th Century, humans from Earth attempted to mine the mineral against the wishes of the Sensorites.','2009-12-21 14:03:24','2010-01-29 09:59:18',NULL,'sensesphere.jpg','image/jpeg',64638,'2010-01-05 12:18:57','Homeworld of the telepathic Sensorites'),(33,'fx3n','The Earth','Third planet in the Solar System and the home of the human race. The Earth has attracted interest from many alien races and individuals, several of whom attempted to invade and conquer the world.\r\n\r\nThe [Doctor](/characters/3mn8) has a particular fondness for the Earth and has been instrumental in defending it from alien aggressors throughout its history.','2009-12-21 16:00:43','2010-01-26 15:00:19',34,'earth.jpg','image/jpeg',56045,'2010-01-05 12:06:16','Home of the human race'),(35,'w325','The Medusa Cascade','A region of space that was once the site of a time/space rift. The rift was eventually sealed by the [Doctor](/characters/3mn8). \r\n\r\nThe Doctor first visited the Cascade when he was just 90 years old.\r\n\r\n[Davros](/characters/b963)\'s new race of [Daleks](/groups/284h) moved twenty-seven planets here, including the Earth. ','2009-12-21 16:01:44','2010-01-26 12:12:35',NULL,'medusacascade.jpg','image/jpeg',61763,'2010-01-07 15:56:04','The site of a rift in space'),(36,'6n54','Bad Wolf Bay','A beech, more correctly known as Drlig Ulv Stranden, located fifty miles from Bergen in Norway on an alternative version of the Earth. When Rose Tyler was transported to the alternative world, Bad Wolf Bay was the location where she was able to have final contact with the Doctor.\r\n\r\nLater, following the Daleks attempts to detonate the Reality Bomb, the Doctor returned Rose to Bad Wolf Bay along with her mother, Jackie and a half human, half Time Lord duplicate of himself.','2009-12-21 16:03:55','2010-01-20 13:07:37',NULL,'badwolfbay.jpg','image/jpeg',58711,'2010-01-13 16:01:23','Drlig Ulv Stranden'),(39,'rwdp','Dalek Mothership','A large [Dalek](/groups/284h) spacecraft that is the base of operations for [Davros](/characters/b963) and his [Imperial Daleks](/groups/d5vr). \r\n\r\nEntering [Earth](/places/fx3n) orbit in 1963, Davros dispatches a Dalek task force from the Mothership to retrieve the [Hand of Omega](/things/wpmq) device from [London](/places/wdxm).','2010-01-06 12:08:34','2010-01-26 11:39:26',NULL,'dalekmothership.jpg','image/jpeg',79965,'2010-01-06 12:08:34','Imperial Dalek Starship'),(40,'h963','The Crucible','A huge, planet sized, spherical vessel built by the [Daleks](/groups/284h). It has several docking ports at regular intervals around its surface as well as six docking arms that extend out from a ring at its equator.\r\n\r\nThe Crucible housed the apocalyptic Reality Bomb which was powered by twenty-seven stolen planets that had been moved to the [Medusa Cascade](/places/w325). It was destroyed along with the entire Dalek race by a half human, half Time Lord [duplicate](/characters/d2qv) of the [Tenth Doctor](/characters/m2qv).','2010-01-06 12:11:14','2010-01-26 15:03:05',NULL,'crucible.jpg','image/jpeg',52647,'2010-01-19 16:31:44','A Dalek worldship'),(41,'nhgb','The Shadow Proclamation','The base of the intergalactic law enforcement agency is situated on a group of three asteroids linked together by bridge like structures.','2010-01-07 15:01:14','2010-01-20 12:46:16',NULL,'shadowproclamation_location.jpg','image/jpeg',54293,'2010-01-07 15:01:14','Base of operations for law enforcement'),(42,'qzjw','Kathy\'s House','The house in West [London](/places/wdxm) where [Kathy Nightingale](/characters/fb9x) lives with her brother, [Larry](/characters/w963). ','2010-01-08 11:26:49','2010-01-25 13:35:56',1,'flat.jpg','image/jpeg',55422,'2010-01-08 11:26:48','The Nightingale residence'),(43,'8jbd','Field in Hull','A farmer\'s field where [Kathy Nightingale](/characters/fb9x) appeares in 1920 after being thrown back in time by the [Weeping Angels](/groups/xpmq). There she meets [Ben Wainwright](/characters/6x3n) who she later marries.','2010-01-08 11:36:07','2010-01-25 13:31:44',33,'field.jpg','image/jpeg',73980,'2010-01-08 11:36:06','Kathy\'s arrival in 1920'),(44,'vfw6','Larry\'s DVD Store','The shop in [London](/places/wdxm) on a road named Church Street where [Larry Nightingale](/characters/w963) works. Originally called Bantos DVD Store, the shop is eventually taken over by Larry and [Sally Sparrow](/characters/jfw6). They rename the store Sparrow and Nightingale, expanding to sell books as well as DVDs.','2010-01-08 11:42:34','2010-01-25 13:38:28',1,'shop.jpg','image/jpeg',97231,'2010-01-08 11:42:34','New, second hand and rare DVDs'),(45,'4b9x','Police Station','The police station in West [London](/places/wdxm) responsible for investigating the many disappeareances from the [Wester Drumlins estate](/places/96p2). [DI Shipton](/characters/9dxm) is based here and leads the investigation until he too disappears.','2010-01-08 11:49:59','2010-01-25 13:40:02',1,'policestation.jpg','image/jpeg',108886,'2010-01-08 11:53:40','DI Shipton\'s base of operations'),(46,'cwdp','Back Street','A quiet back alley in [London](/places/wdxm). [Billy Shipton](/characters/9dxm) materialises here in 1969 when he is thrown back in time by the [Weeping Angels](/groups/xpmq). There he meets the [Doctor](/characters/m2qv) and [Martha](/characters/bwdp) who have also been displaced in time by the Angels.','2010-01-08 11:58:36','2010-01-25 13:33:54',1,'backstreet.jpg','image/jpeg',73807,'2010-01-08 11:58:36','Billy\'s Landing'),(47,'r963','Hospital','A hospital in West [London](/places/wdxm). The elderly [Billy Shipton](/characters/9dxm) is a patient here where he passes away. [Sally Sparrow](/characters/jfw6) is with him at his bedside having only just met the younger Billy earlier the same day.','2010-01-08 12:03:52','2010-01-25 13:42:26',1,'hospital.jpg','image/jpeg',90429,'2010-01-08 12:03:52','Billy\'s last rest'),(48,'z6p2','Wester Drumlins Cellar','The vaulted basement of the [house](/places/96p2) at Wester Drumlins. The [Weeping Angels](/groups/xpmq) move the [TARDIS](/things/n84h) here, hoping to gain entrance to it, but [Sally Sparrow](/characters/jfw6) has the [key](/things/5gf9). When the TARDIS dematerialises, the four Angels are permanently turned to stone.','2010-01-08 12:09:38','2010-01-25 13:44:47',2,'cellar.jpg','image/jpeg',56825,'2010-01-08 12:09:38','A dark and eerie space'),(49,'j325','Police Car Pound','An underground car park used to store all the abandoned vehicles found on or near the [Wester Drumlins estate](/places/96p2). ','2010-01-13 12:36:00','2010-01-25 13:40:51',45,'carpark.jpg','image/jpeg',63119,'2010-01-13 12:36:00','Vehicle graveyard of the lost');
/*!40000 ALTER TABLE `locations` ENABLE KEYS */;
UNLOCK TABLES;

--
-- Table structure for table `rating_types`
--

DROP TABLE IF EXISTS `rating_types`;
SET @saved_cs_client     = @@character_set_client;
SET character_set_client = utf8;
CREATE TABLE `rating_types` (
  `id` int(11) NOT NULL auto_increment,
  `key` varchar(255) collate utf8_unicode_ci default NULL,
  PRIMARY KEY  (`id`)
) ENGINE=InnoDB AUTO_INCREMENT=5 DEFAULT CHARSET=utf8 COLLATE=utf8_unicode_ci;
SET character_set_client = @saved_cs_client;

--
-- Dumping data for table `rating_types`
--

LOCK TABLES `rating_types` WRITE;
/*!40000 ALTER TABLE `rating_types` DISABLE KEYS */;
INSERT INTO `rating_types` VALUES (1,'scary'),(2,'exciting'),(3,'memorable'),(4,'important');
/*!40000 ALTER TABLE `rating_types` ENABLE KEYS */;
UNLOCK TABLES;

--
-- Table structure for table `ratings`
--

DROP TABLE IF EXISTS `ratings`;
SET @saved_cs_client     = @@character_set_client;
SET character_set_client = utf8;
CREATE TABLE `ratings` (
  `id` int(11) NOT NULL auto_increment,
  `amount` int(11) default '0',
  `rateable_id` int(11) default NULL,
  `rateable_type` varchar(255) collate utf8_unicode_ci default NULL,
  `rating_type_id` int(11) default NULL,
  `created_at` datetime default NULL,
  `updated_at` datetime default NULL,
  PRIMARY KEY  (`id`),
  KEY `index_ratings_on_rateable_id` (`rateable_id`),
  KEY `index_ratings_on_rateable_type` (`rateable_type`),
  KEY `index_ratings_on_rating_type_id` (`rating_type_id`)
) ENGINE=InnoDB AUTO_INCREMENT=773 DEFAULT CHARSET=utf8 COLLATE=utf8_unicode_ci;
SET character_set_client = @saved_cs_client;

--
-- Dumping data for table `ratings`
--

LOCK TABLES `ratings` WRITE;
/*!40000 ALTER TABLE `ratings` DISABLE KEYS */;
INSERT INTO `ratings` VALUES (1,0,1,'Character',1,'2009-12-11 15:36:25','2009-12-11 15:36:25'),(2,0,1,'Character',2,'2009-12-11 15:36:25','2009-12-11 15:36:25'),(3,0,1,'Character',3,'2009-12-11 15:36:25','2009-12-11 15:36:25'),(4,0,1,'Character',4,'2009-12-11 15:36:25','2009-12-11 15:36:25'),(5,0,2,'Character',1,'2009-12-11 15:36:25','2009-12-11 15:36:25'),(6,0,2,'Character',2,'2009-12-11 15:36:25','2009-12-11 15:36:25'),(7,0,2,'Character',3,'2009-12-11 15:36:25','2009-12-11 15:36:25'),(8,0,2,'Character',4,'2009-12-11 15:36:25','2009-12-11 15:36:25'),(9,0,3,'Character',1,'2009-12-11 15:36:25','2009-12-11 15:36:25'),(10,0,3,'Character',2,'2009-12-11 15:36:26','2009-12-11 15:36:26'),(11,0,3,'Character',3,'2009-12-11 15:36:26','2009-12-11 15:36:26'),(12,0,3,'Character',4,'2009-12-11 15:36:26','2009-12-11 15:36:26'),(13,0,4,'Character',1,'2009-12-11 15:36:26','2009-12-11 15:36:26'),(14,0,4,'Character',2,'2009-12-11 15:36:26','2009-12-11 15:36:26'),(15,0,4,'Character',3,'2009-12-11 15:36:26','2009-12-11 15:36:26'),(16,0,4,'Character',4,'2009-12-11 15:36:26','2009-12-11 15:36:26'),(17,0,5,'Character',1,'2009-12-11 15:36:26','2009-12-11 15:36:26'),(18,0,5,'Character',2,'2009-12-11 15:36:26','2009-12-11 15:36:26'),(19,0,5,'Character',3,'2009-12-11 15:36:26','2009-12-11 15:36:26'),(20,0,5,'Character',4,'2009-12-11 15:36:26','2009-12-11 15:36:26'),(21,0,6,'Character',1,'2009-12-11 15:36:26','2009-12-11 15:36:26'),(22,0,6,'Character',2,'2009-12-11 15:36:26','2009-12-11 15:36:26'),(23,0,6,'Character',3,'2009-12-11 15:36:26','2009-12-11 15:36:26'),(24,0,6,'Character',4,'2009-12-11 15:36:26','2009-12-11 15:36:26'),(25,0,7,'Character',1,'2009-12-11 15:36:26','2009-12-11 15:36:26'),(26,0,7,'Character',2,'2009-12-11 15:36:26','2009-12-11 15:36:26'),(27,0,7,'Character',3,'2009-12-11 15:36:26','2009-12-11 15:36:26'),(28,0,7,'Character',4,'2009-12-11 15:36:26','2009-12-11 15:36:26'),(29,0,8,'Character',1,'2009-12-11 15:36:26','2009-12-11 15:36:26'),(30,0,8,'Character',2,'2009-12-11 15:36:26','2009-12-11 15:36:26'),(31,0,8,'Character',3,'2009-12-11 15:36:26','2009-12-11 15:36:26'),(32,0,8,'Character',4,'2009-12-11 15:36:26','2009-12-11 15:36:26'),(37,0,10,'Character',1,'2009-12-11 15:36:26','2009-12-11 15:36:26'),(38,0,10,'Character',2,'2009-12-11 15:36:26','2009-12-11 15:36:26'),(39,0,10,'Character',3,'2009-12-11 15:36:26','2009-12-11 15:36:26'),(40,0,10,'Character',4,'2009-12-11 15:36:26','2009-12-11 15:36:26'),(41,0,11,'Character',1,'2009-12-11 15:36:26','2009-12-11 15:36:26'),(42,0,11,'Character',2,'2009-12-11 15:36:26','2009-12-11 15:36:26'),(43,0,11,'Character',3,'2009-12-11 15:36:26','2009-12-11 15:36:26'),(44,0,11,'Character',4,'2009-12-11 15:36:26','2009-12-11 15:36:26'),(45,0,12,'Character',1,'2009-12-11 15:36:26','2009-12-11 15:36:26'),(46,0,12,'Character',2,'2009-12-11 15:36:26','2009-12-11 15:36:26'),(47,0,12,'Character',3,'2009-12-11 15:36:26','2009-12-11 15:36:26'),(48,0,12,'Character',4,'2009-12-11 15:36:26','2009-12-11 15:36:26'),(49,0,13,'Character',1,'2009-12-11 15:36:26','2009-12-11 15:36:26'),(50,0,13,'Character',2,'2009-12-11 15:36:26','2009-12-11 15:36:26'),(51,0,13,'Character',3,'2009-12-11 15:36:26','2009-12-11 15:36:26'),(52,0,13,'Character',4,'2009-12-11 15:36:26','2009-12-11 15:36:26'),(53,0,14,'Character',1,'2009-12-11 15:36:26','2009-12-11 15:36:26'),(54,0,14,'Character',2,'2009-12-11 15:36:26','2009-12-11 15:36:26'),(55,0,14,'Character',3,'2009-12-11 15:36:26','2009-12-11 15:36:26'),(56,0,14,'Character',4,'2009-12-11 15:36:26','2009-12-11 15:36:26'),(73,0,19,'Character',1,'2009-12-11 15:36:26','2009-12-11 15:36:26'),(74,0,19,'Character',2,'2009-12-11 15:36:26','2009-12-11 15:36:26'),(75,0,19,'Character',3,'2009-12-11 15:36:26','2009-12-11 15:36:26'),(76,0,19,'Character',4,'2009-12-11 15:36:26','2009-12-11 15:36:26'),(77,0,20,'Character',1,'2009-12-11 15:36:26','2009-12-11 15:36:26'),(78,0,20,'Character',2,'2009-12-11 15:36:26','2009-12-11 15:36:26'),(79,0,20,'Character',3,'2009-12-11 15:36:26','2009-12-11 15:36:26'),(80,0,20,'Character',4,'2009-12-11 15:36:26','2009-12-11 15:36:26'),(81,0,21,'Character',1,'2009-12-11 15:36:26','2009-12-11 15:36:26'),(82,0,21,'Character',2,'2009-12-11 15:36:26','2009-12-11 15:36:26'),(83,0,21,'Character',3,'2009-12-11 15:36:26','2009-12-11 15:36:26'),(84,0,21,'Character',4,'2009-12-11 15:36:26','2009-12-11 15:36:26'),(89,0,23,'Character',1,'2009-12-11 15:36:26','2009-12-11 15:36:26'),(90,0,23,'Character',2,'2009-12-11 15:36:26','2009-12-11 15:36:26'),(91,0,23,'Character',3,'2009-12-11 15:36:26','2009-12-11 15:36:26'),(92,0,23,'Character',4,'2009-12-11 15:36:26','2009-12-11 15:36:26'),(101,0,26,'Character',1,'2009-12-11 15:36:26','2009-12-11 15:36:26'),(102,0,26,'Character',2,'2009-12-11 15:36:26','2009-12-11 15:36:26'),(103,0,26,'Character',3,'2009-12-11 15:36:26','2009-12-11 15:36:26'),(104,0,26,'Character',4,'2009-12-11 15:36:26','2009-12-11 15:36:26'),(165,0,2,'Artifact',1,'2009-12-11 15:36:26','2009-12-11 15:36:26'),(166,0,2,'Artifact',2,'2009-12-11 15:36:26','2009-12-11 15:36:26'),(167,0,2,'Artifact',3,'2009-12-11 15:36:26','2009-12-11 15:36:26'),(168,0,2,'Artifact',4,'2009-12-11 15:36:26','2009-12-11 15:36:26'),(173,0,4,'Artifact',1,'2009-12-11 15:36:26','2009-12-11 15:36:26'),(174,0,4,'Artifact',2,'2009-12-11 15:36:26','2009-12-11 15:36:26'),(175,0,4,'Artifact',3,'2009-12-11 15:36:26','2009-12-11 15:36:26'),(176,0,4,'Artifact',4,'2009-12-11 15:36:26','2009-12-11 15:36:26'),(177,0,5,'Artifact',1,'2009-12-11 15:36:26','2009-12-11 15:36:26'),(178,0,5,'Artifact',2,'2009-12-11 15:36:26','2009-12-11 15:36:26'),(179,0,5,'Artifact',3,'2009-12-11 15:36:26','2009-12-11 15:36:26'),(180,0,5,'Artifact',4,'2009-12-11 15:36:26','2009-12-11 15:36:26'),(181,0,6,'Artifact',1,'2009-12-11 15:36:26','2009-12-11 15:36:26'),(182,0,6,'Artifact',2,'2009-12-11 15:36:26','2009-12-11 15:36:26'),(183,0,6,'Artifact',3,'2009-12-11 15:36:26','2009-12-11 15:36:26'),(184,0,6,'Artifact',4,'2009-12-11 15:36:26','2009-12-11 15:36:26'),(193,0,9,'Artifact',1,'2009-12-11 15:36:26','2009-12-11 15:36:26'),(194,0,9,'Artifact',2,'2009-12-11 15:36:26','2009-12-11 15:36:26'),(195,0,9,'Artifact',3,'2009-12-11 15:36:26','2009-12-11 15:36:26'),(196,0,9,'Artifact',4,'2009-12-11 15:36:26','2009-12-11 15:36:26'),(197,0,1,'Location',1,'2009-12-11 15:36:26','2009-12-11 15:36:26'),(198,0,1,'Location',2,'2009-12-11 15:36:26','2009-12-11 15:36:26'),(199,0,1,'Location',3,'2009-12-11 15:36:26','2009-12-11 15:36:26'),(200,0,1,'Location',4,'2009-12-11 15:36:26','2009-12-11 15:36:26'),(201,0,2,'Location',1,'2009-12-11 15:36:26','2009-12-11 15:36:26'),(202,0,2,'Location',2,'2009-12-11 15:36:26','2009-12-11 15:36:26'),(203,0,2,'Location',3,'2009-12-11 15:36:26','2009-12-11 15:36:26'),(204,0,2,'Location',4,'2009-12-11 15:36:26','2009-12-11 15:36:26'),(205,0,3,'Location',1,'2009-12-11 15:36:26','2009-12-11 15:36:26'),(206,0,3,'Location',2,'2009-12-11 15:36:26','2009-12-11 15:36:26'),(207,0,3,'Location',3,'2009-12-11 15:36:26','2009-12-11 15:36:26'),(208,0,3,'Location',4,'2009-12-11 15:36:26','2009-12-11 15:36:26'),(209,0,4,'Location',1,'2009-12-11 15:36:26','2009-12-11 15:36:26'),(210,0,4,'Location',2,'2009-12-11 15:36:26','2009-12-11 15:36:26'),(211,0,4,'Location',3,'2009-12-11 15:36:26','2009-12-11 15:36:26'),(212,0,4,'Location',4,'2009-12-11 15:36:26','2009-12-11 15:36:26'),(213,0,5,'Location',1,'2009-12-11 15:36:26','2009-12-11 15:36:26'),(214,0,5,'Location',2,'2009-12-11 15:36:26','2009-12-11 15:36:26'),(215,0,5,'Location',3,'2009-12-11 15:36:26','2009-12-11 15:36:26'),(216,0,5,'Location',4,'2009-12-11 15:36:26','2009-12-11 15:36:26'),(221,0,7,'Location',1,'2009-12-11 15:36:26','2009-12-11 15:36:26'),(222,0,7,'Location',2,'2009-12-11 15:36:26','2009-12-11 15:36:26'),(223,0,7,'Location',3,'2009-12-11 15:36:26','2009-12-11 15:36:26'),(224,0,7,'Location',4,'2009-12-11 15:36:26','2009-12-11 15:36:26'),(285,0,29,'Character',1,'2009-12-21 11:48:21','2009-12-21 11:48:21'),(286,0,29,'Character',2,'2009-12-21 11:48:21','2009-12-21 11:48:21'),(287,0,29,'Character',4,'2009-12-21 11:48:21','2009-12-21 11:48:21'),(288,0,29,'Character',3,'2009-12-21 11:48:21','2009-12-21 11:48:21'),(289,0,30,'Character',1,'2009-12-21 11:48:46','2009-12-21 11:48:46'),(290,0,30,'Character',2,'2009-12-21 11:48:46','2009-12-21 11:48:46'),(291,0,30,'Character',4,'2009-12-21 11:48:46','2009-12-21 11:48:46'),(292,0,30,'Character',3,'2009-12-21 11:48:46','2009-12-21 11:48:46'),(293,0,31,'Character',1,'2009-12-21 11:49:11','2009-12-21 11:49:11'),(294,0,31,'Character',2,'2009-12-21 11:49:11','2009-12-21 11:49:11'),(295,0,31,'Character',4,'2009-12-21 11:49:11','2009-12-21 11:49:11'),(296,0,31,'Character',3,'2009-12-21 11:49:11','2009-12-21 11:49:11'),(297,0,23,'Location',1,'2009-12-21 11:50:24','2009-12-21 11:50:24'),(298,0,23,'Location',2,'2009-12-21 11:50:24','2009-12-21 11:50:24'),(299,0,23,'Location',4,'2009-12-21 11:50:24','2009-12-21 11:50:24'),(300,0,23,'Location',3,'2009-12-21 11:50:24','2009-12-21 11:50:24'),(301,0,24,'Location',1,'2009-12-21 11:50:53','2009-12-21 11:50:53'),(302,0,24,'Location',2,'2009-12-21 11:50:53','2009-12-21 11:50:53'),(303,0,24,'Location',4,'2009-12-21 11:50:53','2009-12-21 11:50:53'),(304,0,24,'Location',3,'2009-12-21 11:50:53','2009-12-21 11:50:53'),(305,0,25,'Location',1,'2009-12-21 11:52:08','2009-12-21 11:52:08'),(306,0,25,'Location',2,'2009-12-21 11:52:08','2009-12-21 11:52:08'),(307,0,25,'Location',4,'2009-12-21 11:52:08','2009-12-21 11:52:08'),(308,0,25,'Location',3,'2009-12-21 11:52:08','2009-12-21 11:52:08'),(309,0,13,'Event',1,'2009-12-21 11:54:13','2009-12-21 11:54:13'),(310,0,13,'Event',2,'2009-12-21 11:54:13','2009-12-21 11:54:13'),(311,0,13,'Event',4,'2009-12-21 11:54:13','2009-12-21 11:54:13'),(312,0,13,'Event',3,'2009-12-21 11:54:13','2009-12-21 11:54:13'),(313,0,14,'Event',1,'2009-12-21 12:09:27','2009-12-21 12:09:27'),(314,0,14,'Event',2,'2009-12-21 12:09:27','2009-12-21 12:09:27'),(315,0,14,'Event',4,'2009-12-21 12:09:27','2009-12-21 12:09:27'),(316,0,14,'Event',3,'2009-12-21 12:09:27','2009-12-21 12:09:27'),(317,0,32,'Character',1,'2009-12-21 12:11:38','2009-12-21 12:11:38'),(318,0,32,'Character',2,'2009-12-21 12:11:38','2009-12-21 12:11:38'),(319,0,32,'Character',4,'2009-12-21 12:11:38','2009-12-21 12:11:38'),(320,0,32,'Character',3,'2009-12-21 12:11:38','2009-12-21 12:11:38'),(321,0,15,'Event',1,'2009-12-21 12:12:58','2009-12-21 12:12:58'),(322,0,15,'Event',2,'2009-12-21 12:12:58','2009-12-21 12:12:58'),(323,0,15,'Event',4,'2009-12-21 12:12:58','2009-12-21 12:12:58'),(324,0,15,'Event',3,'2009-12-21 12:12:58','2009-12-21 12:12:58'),(325,0,16,'Event',1,'2009-12-21 12:15:08','2009-12-21 12:15:08'),(326,0,16,'Event',2,'2009-12-21 12:15:08','2009-12-21 12:15:08'),(327,0,16,'Event',4,'2009-12-21 12:15:08','2009-12-21 12:15:08'),(328,0,16,'Event',3,'2009-12-21 12:15:08','2009-12-21 12:15:08'),(329,0,17,'Event',1,'2009-12-21 12:17:14','2009-12-21 12:17:14'),(330,0,17,'Event',2,'2009-12-21 12:17:14','2009-12-21 12:17:14'),(331,0,17,'Event',4,'2009-12-21 12:17:14','2009-12-21 12:17:14'),(332,0,17,'Event',3,'2009-12-21 12:17:14','2009-12-21 12:17:14'),(333,0,18,'Event',1,'2009-12-21 12:18:55','2009-12-21 12:18:55'),(334,0,18,'Event',2,'2009-12-21 12:18:55','2009-12-21 12:18:55'),(335,0,18,'Event',4,'2009-12-21 12:18:55','2009-12-21 12:18:55'),(336,0,18,'Event',3,'2009-12-21 12:18:55','2009-12-21 12:18:55'),(337,0,19,'Event',1,'2009-12-21 12:21:39','2009-12-21 12:21:39'),(338,0,19,'Event',2,'2009-12-21 12:21:39','2009-12-21 12:21:39'),(339,0,19,'Event',4,'2009-12-21 12:21:39','2009-12-21 12:21:39'),(340,0,19,'Event',3,'2009-12-21 12:21:39','2009-12-21 12:21:39'),(341,0,33,'Character',1,'2009-12-21 12:35:24','2009-12-21 12:35:24'),(342,0,33,'Character',2,'2009-12-21 12:35:24','2009-12-21 12:35:24'),(343,0,33,'Character',4,'2009-12-21 12:35:24','2009-12-21 12:35:24'),(344,0,33,'Character',3,'2009-12-21 12:35:24','2009-12-21 12:35:24'),(345,0,34,'Character',1,'2009-12-21 12:35:43','2009-12-21 12:35:43'),(346,0,34,'Character',2,'2009-12-21 12:35:43','2009-12-21 12:35:43'),(347,0,34,'Character',4,'2009-12-21 12:35:43','2009-12-21 12:35:43'),(348,0,34,'Character',3,'2009-12-21 12:35:43','2009-12-21 12:35:43'),(349,0,35,'Character',1,'2009-12-21 12:36:02','2009-12-21 12:36:02'),(350,0,35,'Character',2,'2009-12-21 12:36:02','2009-12-21 12:36:02'),(351,0,35,'Character',4,'2009-12-21 12:36:02','2009-12-21 12:36:02'),(352,0,35,'Character',3,'2009-12-21 12:36:02','2009-12-21 12:36:02'),(353,0,26,'Location',1,'2009-12-21 12:36:55','2009-12-21 12:36:55'),(354,0,26,'Location',2,'2009-12-21 12:36:55','2009-12-21 12:36:55'),(355,0,26,'Location',4,'2009-12-21 12:36:55','2009-12-21 12:36:55'),(356,0,26,'Location',3,'2009-12-21 12:36:55','2009-12-21 12:36:55'),(357,0,27,'Location',1,'2009-12-21 12:38:43','2009-12-21 12:38:43'),(358,0,27,'Location',2,'2009-12-21 12:38:43','2009-12-21 12:38:43'),(359,0,27,'Location',4,'2009-12-21 12:38:43','2009-12-21 12:38:43'),(360,0,27,'Location',3,'2009-12-21 12:38:43','2009-12-21 12:38:43'),(361,0,28,'Location',1,'2009-12-21 12:39:05','2009-12-21 12:39:05'),(362,0,28,'Location',2,'2009-12-21 12:39:05','2009-12-21 12:39:05'),(363,0,28,'Location',4,'2009-12-21 12:39:05','2009-12-21 12:39:05'),(364,0,28,'Location',3,'2009-12-21 12:39:05','2009-12-21 12:39:05'),(365,0,29,'Location',1,'2009-12-21 12:39:19','2009-12-21 12:39:19'),(366,0,29,'Location',2,'2009-12-21 12:39:19','2009-12-21 12:39:19'),(367,0,29,'Location',4,'2009-12-21 12:39:19','2009-12-21 12:39:19'),(368,0,29,'Location',3,'2009-12-21 12:39:19','2009-12-21 12:39:19'),(369,0,30,'Location',1,'2009-12-21 12:39:32','2009-12-21 12:39:32'),(370,0,30,'Location',2,'2009-12-21 12:39:32','2009-12-21 12:39:32'),(371,0,30,'Location',4,'2009-12-21 12:39:32','2009-12-21 12:39:32'),(372,0,30,'Location',3,'2009-12-21 12:39:32','2009-12-21 12:39:32'),(377,0,10,'Artifact',1,'2009-12-21 12:45:44','2009-12-21 12:45:44'),(378,0,10,'Artifact',2,'2009-12-21 12:45:44','2009-12-21 12:45:44'),(379,0,10,'Artifact',4,'2009-12-21 12:45:44','2009-12-21 12:45:44'),(380,0,10,'Artifact',3,'2009-12-21 12:45:44','2009-12-21 12:45:44'),(381,0,20,'Event',1,'2009-12-21 12:49:42','2009-12-21 12:49:42'),(382,0,20,'Event',2,'2009-12-21 12:49:42','2009-12-21 12:49:42'),(383,0,20,'Event',4,'2009-12-21 12:49:42','2009-12-21 12:49:42'),(384,0,20,'Event',3,'2009-12-21 12:49:42','2009-12-21 12:49:42'),(385,0,21,'Event',1,'2009-12-21 12:53:25','2009-12-21 12:53:25'),(386,0,21,'Event',2,'2009-12-21 12:53:25','2009-12-21 12:53:25'),(387,0,21,'Event',4,'2009-12-21 12:53:25','2009-12-21 12:53:25'),(388,0,21,'Event',3,'2009-12-21 12:53:25','2009-12-21 12:53:25'),(389,0,22,'Event',1,'2009-12-21 12:55:29','2009-12-21 12:55:29'),(390,0,22,'Event',2,'2009-12-21 12:55:29','2009-12-21 12:55:29'),(391,0,22,'Event',4,'2009-12-21 12:55:29','2009-12-21 12:55:29'),(392,0,22,'Event',3,'2009-12-21 12:55:29','2009-12-21 12:55:29'),(393,0,23,'Event',1,'2009-12-21 12:58:12','2009-12-21 12:58:12'),(394,0,23,'Event',2,'2009-12-21 12:58:12','2009-12-21 12:58:12'),(395,0,23,'Event',4,'2009-12-21 12:58:12','2009-12-21 12:58:12'),(396,0,23,'Event',3,'2009-12-21 12:58:12','2009-12-21 12:58:12'),(397,0,24,'Event',1,'2009-12-21 12:59:57','2009-12-21 12:59:57'),(398,0,24,'Event',2,'2009-12-21 12:59:57','2009-12-21 12:59:57'),(399,0,24,'Event',4,'2009-12-21 12:59:57','2009-12-21 12:59:57'),(400,0,24,'Event',3,'2009-12-21 12:59:57','2009-12-21 12:59:57'),(401,0,36,'Character',1,'2009-12-21 13:01:13','2009-12-21 13:01:13'),(402,0,36,'Character',2,'2009-12-21 13:01:13','2009-12-21 13:01:13'),(403,0,36,'Character',4,'2009-12-21 13:01:13','2009-12-21 13:01:13'),(404,0,36,'Character',3,'2009-12-21 13:01:13','2009-12-21 13:01:13'),(409,0,25,'Event',1,'2009-12-21 13:09:18','2009-12-21 13:09:18'),(410,0,25,'Event',2,'2009-12-21 13:09:18','2009-12-21 13:09:18'),(411,0,25,'Event',4,'2009-12-21 13:09:18','2009-12-21 13:09:18'),(412,0,25,'Event',3,'2009-12-21 13:09:18','2009-12-21 13:09:18'),(413,0,26,'Event',1,'2009-12-21 13:11:35','2009-12-21 13:11:35'),(414,0,26,'Event',2,'2009-12-21 13:11:35','2009-12-21 13:11:35'),(415,0,26,'Event',4,'2009-12-21 13:11:35','2009-12-21 13:11:35'),(416,0,26,'Event',3,'2009-12-21 13:11:35','2009-12-21 13:11:35'),(417,0,27,'Event',1,'2009-12-21 13:13:15','2009-12-21 13:13:15'),(418,0,27,'Event',2,'2009-12-21 13:13:15','2009-12-21 13:13:15'),(419,0,27,'Event',4,'2009-12-21 13:13:15','2009-12-21 13:13:15'),(420,0,27,'Event',3,'2009-12-21 13:13:15','2009-12-21 13:13:15'),(421,0,28,'Event',1,'2009-12-21 13:15:42','2009-12-21 13:15:42'),(422,0,28,'Event',2,'2009-12-21 13:15:42','2009-12-21 13:15:42'),(423,0,28,'Event',4,'2009-12-21 13:15:42','2009-12-21 13:15:42'),(424,0,28,'Event',3,'2009-12-21 13:15:42','2009-12-21 13:15:42'),(425,0,29,'Event',1,'2009-12-21 13:16:29','2009-12-21 13:16:29'),(426,0,29,'Event',2,'2009-12-21 13:16:29','2009-12-21 13:16:29'),(427,0,29,'Event',4,'2009-12-21 13:16:29','2009-12-21 13:16:29'),(428,0,29,'Event',3,'2009-12-21 13:16:29','2009-12-21 13:16:29'),(429,0,32,'Location',1,'2009-12-21 14:03:24','2009-12-21 14:03:24'),(430,0,32,'Location',2,'2009-12-21 14:03:24','2009-12-21 14:03:24'),(431,0,32,'Location',4,'2009-12-21 14:03:24','2009-12-21 14:03:24'),(432,0,32,'Location',3,'2009-12-21 14:03:24','2009-12-21 14:03:24'),(433,0,37,'Character',1,'2009-12-21 15:56:04','2009-12-21 15:56:04'),(434,0,37,'Character',2,'2009-12-21 15:56:04','2009-12-21 15:56:04'),(435,0,37,'Character',4,'2009-12-21 15:56:04','2009-12-21 15:56:04'),(436,0,37,'Character',3,'2009-12-21 15:56:04','2009-12-21 15:56:04'),(437,0,38,'Character',1,'2009-12-21 15:56:40','2009-12-21 15:56:40'),(438,0,38,'Character',2,'2009-12-21 15:56:40','2009-12-21 15:56:40'),(439,0,38,'Character',4,'2009-12-21 15:56:40','2009-12-21 15:56:40'),(440,0,38,'Character',3,'2009-12-21 15:56:40','2009-12-21 15:56:40'),(441,0,39,'Character',1,'2009-12-21 15:56:52','2009-12-21 15:56:52'),(442,0,39,'Character',2,'2009-12-21 15:56:52','2009-12-21 15:56:52'),(443,0,39,'Character',4,'2009-12-21 15:56:52','2009-12-21 15:56:52'),(444,0,39,'Character',3,'2009-12-21 15:56:52','2009-12-21 15:56:52'),(449,0,41,'Character',1,'2009-12-21 15:59:05','2009-12-21 15:59:05'),(450,0,41,'Character',2,'2009-12-21 15:59:05','2009-12-21 15:59:05'),(451,0,41,'Character',4,'2009-12-21 15:59:05','2009-12-21 15:59:05'),(452,0,41,'Character',3,'2009-12-21 15:59:05','2009-12-21 15:59:05'),(453,0,33,'Location',1,'2009-12-21 16:00:43','2009-12-21 16:00:43'),(454,0,33,'Location',2,'2009-12-21 16:00:43','2009-12-21 16:00:43'),(455,0,33,'Location',4,'2009-12-21 16:00:43','2009-12-21 16:00:43'),(456,0,33,'Location',3,'2009-12-21 16:00:43','2009-12-21 16:00:43'),(461,0,35,'Location',1,'2009-12-21 16:01:44','2009-12-21 16:01:44'),(462,0,35,'Location',2,'2009-12-21 16:01:44','2009-12-21 16:01:44'),(463,0,35,'Location',4,'2009-12-21 16:01:44','2009-12-21 16:01:44'),(464,0,35,'Location',3,'2009-12-21 16:01:44','2009-12-21 16:01:44'),(469,0,42,'Character',1,'2009-12-21 16:03:22','2009-12-21 16:03:22'),(470,0,42,'Character',2,'2009-12-21 16:03:22','2009-12-21 16:03:22'),(471,0,42,'Character',4,'2009-12-21 16:03:22','2009-12-21 16:03:22'),(472,0,42,'Character',3,'2009-12-21 16:03:22','2009-12-21 16:03:22'),(473,0,36,'Location',1,'2009-12-21 16:03:55','2009-12-21 16:03:55'),(474,0,36,'Location',2,'2009-12-21 16:03:55','2009-12-21 16:03:55'),(475,0,36,'Location',4,'2009-12-21 16:03:55','2009-12-21 16:03:55'),(476,0,36,'Location',3,'2009-12-21 16:03:55','2009-12-21 16:03:55'),(477,0,30,'Event',1,'2009-12-21 16:05:09','2009-12-21 16:05:09'),(478,0,30,'Event',2,'2009-12-21 16:05:09','2009-12-21 16:05:09'),(479,0,30,'Event',4,'2009-12-21 16:05:09','2009-12-21 16:05:09'),(480,0,30,'Event',3,'2009-12-21 16:05:09','2009-12-21 16:05:09'),(481,0,31,'Event',1,'2009-12-21 16:09:51','2009-12-21 16:09:51'),(482,0,31,'Event',2,'2009-12-21 16:09:51','2009-12-21 16:09:51'),(483,0,31,'Event',4,'2009-12-21 16:09:51','2009-12-21 16:09:51'),(484,0,31,'Event',3,'2009-12-21 16:09:51','2009-12-21 16:09:51'),(485,0,32,'Event',1,'2009-12-21 16:11:28','2009-12-21 16:11:28'),(486,0,32,'Event',2,'2009-12-21 16:11:28','2009-12-21 16:11:28'),(487,0,32,'Event',4,'2009-12-21 16:11:28','2009-12-21 16:11:28'),(488,0,32,'Event',3,'2009-12-21 16:11:28','2009-12-21 16:11:28'),(489,0,33,'Event',1,'2009-12-21 16:16:24','2009-12-21 16:16:24'),(490,0,33,'Event',2,'2009-12-21 16:16:24','2009-12-21 16:16:24'),(491,0,33,'Event',4,'2009-12-21 16:16:25','2009-12-21 16:16:25'),(492,0,33,'Event',3,'2009-12-21 16:16:25','2009-12-21 16:16:25'),(493,0,34,'Event',1,'2009-12-21 16:18:16','2009-12-21 16:18:16'),(494,0,34,'Event',2,'2009-12-21 16:18:16','2009-12-21 16:18:16'),(495,0,34,'Event',4,'2009-12-21 16:18:16','2009-12-21 16:18:16'),(496,0,34,'Event',3,'2009-12-21 16:18:16','2009-12-21 16:18:16'),(497,0,35,'Event',1,'2009-12-21 16:21:32','2009-12-21 16:21:32'),(498,0,35,'Event',2,'2009-12-21 16:21:32','2009-12-21 16:21:32'),(499,0,35,'Event',4,'2009-12-21 16:21:32','2009-12-21 16:21:32'),(500,0,35,'Event',3,'2009-12-21 16:21:32','2009-12-21 16:21:32'),(501,0,36,'Event',1,'2009-12-21 16:22:38','2009-12-21 16:22:38'),(502,0,36,'Event',2,'2009-12-21 16:22:38','2009-12-21 16:22:38'),(503,0,36,'Event',4,'2009-12-21 16:22:38','2009-12-21 16:22:38'),(504,0,36,'Event',3,'2009-12-21 16:22:38','2009-12-21 16:22:38'),(505,0,37,'Event',1,'2009-12-21 16:23:37','2009-12-21 16:23:37'),(506,0,37,'Event',2,'2009-12-21 16:23:37','2009-12-21 16:23:37'),(507,0,37,'Event',4,'2009-12-21 16:23:37','2009-12-21 16:23:37'),(508,0,37,'Event',3,'2009-12-21 16:23:37','2009-12-21 16:23:37'),(509,0,38,'Event',1,'2009-12-21 16:24:28','2009-12-21 16:24:28'),(510,0,38,'Event',2,'2009-12-21 16:24:28','2009-12-21 16:24:28'),(511,0,38,'Event',4,'2009-12-21 16:24:28','2009-12-21 16:24:28'),(512,0,38,'Event',3,'2009-12-21 16:24:28','2009-12-21 16:24:28'),(513,0,39,'Event',1,'2009-12-21 16:25:32','2009-12-21 16:25:32'),(514,0,39,'Event',2,'2009-12-21 16:25:32','2009-12-21 16:25:32'),(515,0,39,'Event',4,'2009-12-21 16:25:32','2009-12-21 16:25:32'),(516,0,39,'Event',3,'2009-12-21 16:25:32','2009-12-21 16:25:32'),(517,0,40,'Event',1,'2009-12-21 16:27:10','2009-12-21 16:27:10'),(518,0,40,'Event',2,'2009-12-21 16:27:10','2009-12-21 16:27:10'),(519,0,40,'Event',4,'2009-12-21 16:27:10','2009-12-21 16:27:10'),(520,0,40,'Event',3,'2009-12-21 16:27:10','2009-12-21 16:27:10'),(521,0,43,'Character',1,'2009-12-21 16:28:13','2009-12-21 16:28:13'),(522,0,43,'Character',2,'2009-12-21 16:28:13','2009-12-21 16:28:13'),(523,0,43,'Character',4,'2009-12-21 16:28:13','2009-12-21 16:28:13'),(524,0,43,'Character',3,'2009-12-21 16:28:13','2009-12-21 16:28:13'),(525,0,41,'Event',1,'2009-12-21 16:29:33','2009-12-21 16:29:33'),(526,0,41,'Event',2,'2009-12-21 16:29:33','2009-12-21 16:29:33'),(527,0,41,'Event',4,'2009-12-21 16:29:33','2009-12-21 16:29:33'),(528,0,41,'Event',3,'2009-12-21 16:29:33','2009-12-21 16:29:33'),(529,0,42,'Event',1,'2009-12-21 16:30:56','2009-12-21 16:30:56'),(530,0,42,'Event',2,'2009-12-21 16:30:56','2009-12-21 16:30:56'),(531,0,42,'Event',4,'2009-12-21 16:30:56','2009-12-21 16:30:56'),(532,0,42,'Event',3,'2009-12-21 16:30:56','2009-12-21 16:30:56'),(533,0,43,'Event',1,'2009-12-21 16:35:18','2009-12-21 16:35:18'),(534,0,43,'Event',2,'2009-12-21 16:35:18','2009-12-21 16:35:18'),(535,0,43,'Event',4,'2009-12-21 16:35:18','2009-12-21 16:35:18'),(536,0,43,'Event',3,'2009-12-21 16:35:18','2009-12-21 16:35:18'),(537,0,44,'Event',1,'2009-12-21 16:37:06','2009-12-21 16:37:06'),(538,0,44,'Event',2,'2009-12-21 16:37:06','2009-12-21 16:37:06'),(539,0,44,'Event',4,'2009-12-21 16:37:06','2009-12-21 16:37:06'),(540,0,44,'Event',3,'2009-12-21 16:37:06','2009-12-21 16:37:06'),(541,50,45,'Event',1,'2010-01-05 10:34:25','2010-01-05 10:39:17'),(542,60,45,'Event',2,'2010-01-05 10:34:25','2010-01-05 10:39:26'),(543,20,45,'Event',4,'2010-01-05 10:34:25','2010-01-05 10:39:33'),(544,0,45,'Event',3,'2010-01-05 10:34:25','2010-01-05 10:34:25'),(545,0,13,'Artifact',1,'2010-01-05 10:36:46','2010-01-05 10:36:46'),(546,0,13,'Artifact',2,'2010-01-05 10:36:46','2010-01-05 10:36:46'),(547,0,13,'Artifact',4,'2010-01-05 10:36:46','2010-01-05 10:36:46'),(548,0,13,'Artifact',3,'2010-01-05 10:36:46','2010-01-05 10:36:46'),(549,0,46,'Event',1,'2010-01-05 10:42:20','2010-01-05 10:42:20'),(550,0,46,'Event',2,'2010-01-05 10:42:20','2010-01-05 10:42:20'),(551,0,46,'Event',4,'2010-01-05 10:42:20','2010-01-05 10:42:20'),(552,0,46,'Event',3,'2010-01-05 10:42:20','2010-01-05 10:42:20'),(553,0,47,'Event',1,'2010-01-05 10:45:38','2010-01-05 10:45:38'),(554,0,47,'Event',2,'2010-01-05 10:45:38','2010-01-05 10:45:38'),(555,0,47,'Event',4,'2010-01-05 10:45:38','2010-01-05 10:45:38'),(556,0,47,'Event',3,'2010-01-05 10:45:38','2010-01-05 10:45:38'),(557,0,48,'Event',1,'2010-01-05 10:48:26','2010-01-05 10:48:26'),(558,0,48,'Event',2,'2010-01-05 10:48:26','2010-01-05 10:48:26'),(559,0,48,'Event',4,'2010-01-05 10:48:26','2010-01-05 10:48:26'),(560,0,48,'Event',3,'2010-01-05 10:48:26','2010-01-05 10:48:26'),(561,0,49,'Event',1,'2010-01-05 10:51:02','2010-01-05 10:51:02'),(562,0,49,'Event',2,'2010-01-05 10:51:03','2010-01-05 10:51:03'),(563,0,49,'Event',4,'2010-01-05 10:51:03','2010-01-05 10:51:03'),(564,0,49,'Event',3,'2010-01-05 10:51:03','2010-01-05 10:51:03'),(565,0,50,'Event',1,'2010-01-05 10:53:37','2010-01-05 10:53:37'),(566,0,50,'Event',2,'2010-01-05 10:53:37','2010-01-05 10:53:37'),(567,0,50,'Event',4,'2010-01-05 10:53:37','2010-01-05 10:53:37'),(568,0,50,'Event',3,'2010-01-05 10:53:37','2010-01-05 10:53:37'),(569,0,51,'Event',1,'2010-01-05 11:00:42','2010-01-05 11:00:42'),(570,0,51,'Event',2,'2010-01-05 11:00:42','2010-01-05 11:00:42'),(571,0,51,'Event',4,'2010-01-05 11:00:42','2010-01-05 11:00:42'),(572,0,51,'Event',3,'2010-01-05 11:00:42','2010-01-05 11:00:42'),(573,0,52,'Event',1,'2010-01-05 11:03:39','2010-01-05 11:03:39'),(574,0,52,'Event',2,'2010-01-05 11:03:39','2010-01-05 11:03:39'),(575,0,52,'Event',4,'2010-01-05 11:03:39','2010-01-05 11:03:39'),(576,0,52,'Event',3,'2010-01-05 11:03:39','2010-01-05 11:03:39'),(577,0,53,'Event',1,'2010-01-05 11:05:53','2010-01-05 11:05:53'),(578,0,53,'Event',2,'2010-01-05 11:05:53','2010-01-05 11:05:53'),(579,0,53,'Event',4,'2010-01-05 11:05:53','2010-01-05 11:05:53'),(580,0,53,'Event',3,'2010-01-05 11:05:53','2010-01-05 11:05:53'),(581,0,54,'Event',1,'2010-01-05 12:01:01','2010-01-05 12:01:01'),(582,0,54,'Event',2,'2010-01-05 12:01:01','2010-01-05 12:01:01'),(583,0,54,'Event',4,'2010-01-05 12:01:01','2010-01-05 12:01:01'),(584,0,54,'Event',3,'2010-01-05 12:01:01','2010-01-05 12:01:01'),(593,0,55,'Event',1,'2010-01-05 12:06:12','2010-01-05 12:06:12'),(594,0,55,'Event',2,'2010-01-05 12:06:12','2010-01-05 12:06:12'),(595,0,55,'Event',4,'2010-01-05 12:06:12','2010-01-05 12:06:12'),(596,0,55,'Event',3,'2010-01-05 12:06:12','2010-01-05 12:06:12'),(605,0,39,'Location',1,'2010-01-06 12:08:34','2010-01-06 12:08:34'),(606,0,39,'Location',2,'2010-01-06 12:08:34','2010-01-06 12:08:34'),(607,0,39,'Location',4,'2010-01-06 12:08:34','2010-01-06 12:08:34'),(608,0,39,'Location',3,'2010-01-06 12:08:34','2010-01-06 12:08:34'),(609,0,40,'Location',1,'2010-01-06 12:11:14','2010-01-06 12:11:14'),(610,0,40,'Location',2,'2010-01-06 12:11:14','2010-01-06 12:11:14'),(611,0,40,'Location',4,'2010-01-06 12:11:14','2010-01-06 12:11:14'),(612,0,40,'Location',3,'2010-01-06 12:11:14','2010-01-06 12:11:14'),(613,0,56,'Event',1,'2010-01-07 09:51:49','2010-01-07 09:51:49'),(614,0,56,'Event',2,'2010-01-07 09:51:49','2010-01-07 09:51:49'),(615,0,56,'Event',4,'2010-01-07 09:51:49','2010-01-07 09:51:49'),(616,0,56,'Event',3,'2010-01-07 09:51:49','2010-01-07 09:51:49'),(617,0,57,'Event',1,'2010-01-07 09:54:33','2010-01-07 09:54:33'),(618,0,57,'Event',2,'2010-01-07 09:54:33','2010-01-07 09:54:33'),(619,0,57,'Event',4,'2010-01-07 09:54:33','2010-01-07 09:54:33'),(620,0,57,'Event',3,'2010-01-07 09:54:33','2010-01-07 09:54:33'),(621,0,58,'Event',1,'2010-01-07 09:55:24','2010-01-07 09:55:24'),(622,0,58,'Event',2,'2010-01-07 09:55:24','2010-01-07 09:55:24'),(623,0,58,'Event',4,'2010-01-07 09:55:24','2010-01-07 09:55:24'),(624,0,58,'Event',3,'2010-01-07 09:55:24','2010-01-07 09:55:24'),(625,0,59,'Event',1,'2010-01-07 09:56:50','2010-01-07 09:56:50'),(626,0,59,'Event',2,'2010-01-07 09:56:50','2010-01-07 09:56:50'),(627,0,59,'Event',4,'2010-01-07 09:56:50','2010-01-07 09:56:50'),(628,0,59,'Event',3,'2010-01-07 09:56:50','2010-01-07 09:56:50'),(629,0,60,'Event',1,'2010-01-07 09:57:40','2010-01-07 09:57:40'),(630,0,60,'Event',2,'2010-01-07 09:57:40','2010-01-07 09:57:40'),(631,0,60,'Event',4,'2010-01-07 09:57:40','2010-01-07 09:57:40'),(632,0,60,'Event',3,'2010-01-07 09:57:40','2010-01-07 09:57:40'),(633,0,61,'Event',1,'2010-01-07 09:58:35','2010-01-07 09:58:35'),(634,0,61,'Event',2,'2010-01-07 09:58:35','2010-01-07 09:58:35'),(635,0,61,'Event',4,'2010-01-07 09:58:35','2010-01-07 09:58:35'),(636,0,61,'Event',3,'2010-01-07 09:58:35','2010-01-07 09:58:35'),(637,0,62,'Event',1,'2010-01-07 09:59:33','2010-01-07 09:59:33'),(638,0,62,'Event',2,'2010-01-07 09:59:33','2010-01-07 09:59:33'),(639,0,62,'Event',4,'2010-01-07 09:59:33','2010-01-07 09:59:33'),(640,0,62,'Event',3,'2010-01-07 09:59:33','2010-01-07 09:59:33'),(641,0,63,'Event',1,'2010-01-07 10:00:43','2010-01-07 10:00:43'),(642,0,63,'Event',2,'2010-01-07 10:00:43','2010-01-07 10:00:43'),(643,0,63,'Event',4,'2010-01-07 10:00:43','2010-01-07 10:00:43'),(644,0,63,'Event',3,'2010-01-07 10:00:43','2010-01-07 10:00:43'),(645,0,64,'Event',1,'2010-01-07 10:01:45','2010-01-07 10:01:45'),(646,0,64,'Event',2,'2010-01-07 10:01:45','2010-01-07 10:01:45'),(647,0,64,'Event',4,'2010-01-07 10:01:45','2010-01-07 10:01:45'),(648,0,64,'Event',3,'2010-01-07 10:01:45','2010-01-07 10:01:45'),(649,0,65,'Event',1,'2010-01-07 10:07:21','2010-01-07 10:07:21'),(650,0,65,'Event',2,'2010-01-07 10:07:21','2010-01-07 10:07:21'),(651,0,65,'Event',4,'2010-01-07 10:07:21','2010-01-07 10:07:21'),(652,0,65,'Event',3,'2010-01-07 10:07:21','2010-01-07 10:07:21'),(653,0,66,'Event',1,'2010-01-07 10:08:10','2010-01-07 10:08:10'),(654,0,66,'Event',2,'2010-01-07 10:08:10','2010-01-07 10:08:10'),(655,0,66,'Event',4,'2010-01-07 10:08:10','2010-01-07 10:08:10'),(656,0,66,'Event',3,'2010-01-07 10:08:10','2010-01-07 10:08:10'),(657,0,67,'Event',1,'2010-01-07 10:08:50','2010-01-07 10:08:50'),(658,0,67,'Event',2,'2010-01-07 10:08:50','2010-01-07 10:08:50'),(659,0,67,'Event',4,'2010-01-07 10:08:50','2010-01-07 10:08:50'),(660,0,67,'Event',3,'2010-01-07 10:08:50','2010-01-07 10:08:50'),(661,0,68,'Event',1,'2010-01-07 10:09:26','2010-01-07 10:09:26'),(662,0,68,'Event',2,'2010-01-07 10:09:26','2010-01-07 10:09:26'),(663,0,68,'Event',4,'2010-01-07 10:09:26','2010-01-07 10:09:26'),(664,0,68,'Event',3,'2010-01-07 10:09:26','2010-01-07 10:09:26'),(665,0,69,'Event',1,'2010-01-07 10:09:46','2010-01-07 10:09:46'),(666,0,69,'Event',2,'2010-01-07 10:09:46','2010-01-07 10:09:46'),(667,0,69,'Event',4,'2010-01-07 10:09:46','2010-01-07 10:09:46'),(668,0,69,'Event',3,'2010-01-07 10:09:46','2010-01-07 10:09:46'),(669,0,41,'Location',1,'2010-01-07 15:01:14','2010-01-07 15:01:14'),(670,0,41,'Location',2,'2010-01-07 15:01:15','2010-01-07 15:01:15'),(671,0,41,'Location',4,'2010-01-07 15:01:15','2010-01-07 15:01:15'),(672,0,41,'Location',3,'2010-01-07 15:01:15','2010-01-07 15:01:15'),(673,0,42,'Location',1,'2010-01-08 11:26:49','2010-01-08 11:26:49'),(674,0,42,'Location',2,'2010-01-08 11:26:49','2010-01-08 11:26:49'),(675,0,42,'Location',4,'2010-01-08 11:26:49','2010-01-08 11:26:49'),(676,0,42,'Location',3,'2010-01-08 11:26:49','2010-01-08 11:26:49'),(677,0,14,'Artifact',1,'2010-01-08 11:31:45','2010-01-08 11:31:45'),(678,0,14,'Artifact',2,'2010-01-08 11:31:45','2010-01-08 11:31:45'),(679,0,14,'Artifact',4,'2010-01-08 11:31:45','2010-01-08 11:31:45'),(680,0,14,'Artifact',3,'2010-01-08 11:31:45','2010-01-08 11:31:45'),(681,0,43,'Location',1,'2010-01-08 11:36:07','2010-01-08 11:36:07'),(682,0,43,'Location',2,'2010-01-08 11:36:07','2010-01-08 11:36:07'),(683,0,43,'Location',4,'2010-01-08 11:36:07','2010-01-08 11:36:07'),(684,0,43,'Location',3,'2010-01-08 11:36:07','2010-01-08 11:36:07'),(685,0,44,'Location',1,'2010-01-08 11:42:34','2010-01-08 11:42:34'),(686,0,44,'Location',2,'2010-01-08 11:42:34','2010-01-08 11:42:34'),(687,0,44,'Location',4,'2010-01-08 11:42:34','2010-01-08 11:42:34'),(688,0,44,'Location',3,'2010-01-08 11:42:34','2010-01-08 11:42:34'),(689,0,45,'Location',1,'2010-01-08 11:49:59','2010-01-08 11:49:59'),(690,0,45,'Location',2,'2010-01-08 11:49:59','2010-01-08 11:49:59'),(691,0,45,'Location',4,'2010-01-08 11:49:59','2010-01-08 11:49:59'),(692,0,45,'Location',3,'2010-01-08 11:49:59','2010-01-08 11:49:59'),(693,0,46,'Location',1,'2010-01-08 11:58:36','2010-01-08 11:58:36'),(694,0,46,'Location',2,'2010-01-08 11:58:36','2010-01-08 11:58:36'),(695,0,46,'Location',4,'2010-01-08 11:58:36','2010-01-08 11:58:36'),(696,0,46,'Location',3,'2010-01-08 11:58:36','2010-01-08 11:58:36'),(697,0,47,'Location',1,'2010-01-08 12:03:52','2010-01-08 12:03:52'),(698,0,47,'Location',2,'2010-01-08 12:03:52','2010-01-08 12:03:52'),(699,0,47,'Location',4,'2010-01-08 12:03:52','2010-01-08 12:03:52'),(700,0,47,'Location',3,'2010-01-08 12:03:52','2010-01-08 12:03:52'),(701,0,15,'Artifact',1,'2010-01-08 12:06:29','2010-01-08 12:06:29'),(702,0,15,'Artifact',2,'2010-01-08 12:06:29','2010-01-08 12:06:29'),(703,0,15,'Artifact',4,'2010-01-08 12:06:29','2010-01-08 12:06:29'),(704,0,15,'Artifact',3,'2010-01-08 12:06:29','2010-01-08 12:06:29'),(705,0,48,'Location',1,'2010-01-08 12:09:38','2010-01-08 12:09:38'),(706,0,48,'Location',2,'2010-01-08 12:09:38','2010-01-08 12:09:38'),(707,0,48,'Location',4,'2010-01-08 12:09:38','2010-01-08 12:09:38'),(708,0,48,'Location',3,'2010-01-08 12:09:38','2010-01-08 12:09:38'),(709,0,70,'Event',1,'2010-01-12 15:57:39','2010-01-12 15:57:39'),(710,0,70,'Event',2,'2010-01-12 15:57:39','2010-01-12 15:57:39'),(711,0,70,'Event',4,'2010-01-12 15:57:39','2010-01-12 15:57:39'),(712,0,70,'Event',3,'2010-01-12 15:57:39','2010-01-12 15:57:39'),(713,0,49,'Location',1,'2010-01-13 12:36:00','2010-01-13 12:36:00'),(714,0,49,'Location',2,'2010-01-13 12:36:00','2010-01-13 12:36:00'),(715,0,49,'Location',4,'2010-01-13 12:36:00','2010-01-13 12:36:00'),(716,0,49,'Location',3,'2010-01-13 12:36:00','2010-01-13 12:36:00'),(717,0,16,'Artifact',1,'2010-01-14 12:05:02','2010-01-14 12:05:02'),(718,0,16,'Artifact',2,'2010-01-14 12:05:02','2010-01-14 12:05:02'),(719,0,16,'Artifact',4,'2010-01-14 12:05:02','2010-01-14 12:05:02'),(720,0,16,'Artifact',3,'2010-01-14 12:05:02','2010-01-14 12:05:02'),(721,0,46,'Character',1,'2010-01-14 12:08:30','2010-01-14 12:08:30'),(722,0,46,'Character',2,'2010-01-14 12:08:30','2010-01-14 12:08:30'),(723,0,46,'Character',4,'2010-01-14 12:08:30','2010-01-14 12:08:30'),(724,0,46,'Character',3,'2010-01-14 12:08:30','2010-01-14 12:08:30'),(725,0,17,'Artifact',1,'2010-01-14 13:29:59','2010-01-14 13:29:59'),(726,0,17,'Artifact',2,'2010-01-14 13:29:59','2010-01-14 13:29:59'),(727,0,17,'Artifact',4,'2010-01-14 13:29:59','2010-01-14 13:29:59'),(728,0,17,'Artifact',3,'2010-01-14 13:29:59','2010-01-14 13:29:59'),(729,0,47,'Character',1,'2010-01-14 14:52:56','2010-01-14 14:52:56'),(730,0,47,'Character',2,'2010-01-14 14:52:56','2010-01-14 14:52:56'),(731,0,47,'Character',4,'2010-01-14 14:52:56','2010-01-14 14:52:56'),(732,0,47,'Character',3,'2010-01-14 14:52:56','2010-01-14 14:52:56'),(733,0,48,'Character',1,'2010-01-14 15:23:34','2010-01-14 15:23:34'),(734,0,48,'Character',2,'2010-01-14 15:23:34','2010-01-14 15:23:34'),(735,0,48,'Character',4,'2010-01-14 15:23:34','2010-01-14 15:23:34'),(736,0,48,'Character',3,'2010-01-14 15:23:34','2010-01-14 15:23:34'),(737,0,49,'Character',1,'2010-01-18 12:21:39','2010-01-18 12:21:39'),(738,0,49,'Character',2,'2010-01-18 12:21:39','2010-01-18 12:21:39'),(739,0,49,'Character',4,'2010-01-18 12:21:39','2010-01-18 12:21:39'),(740,0,49,'Character',3,'2010-01-18 12:21:39','2010-01-18 12:21:39'),(741,0,50,'Character',1,'2010-01-18 12:22:06','2010-01-18 12:22:06'),(742,0,50,'Character',2,'2010-01-18 12:22:06','2010-01-18 12:22:06'),(743,0,50,'Character',4,'2010-01-18 12:22:06','2010-01-18 12:22:06'),(744,0,50,'Character',3,'2010-01-18 12:22:06','2010-01-18 12:22:06'),(745,0,51,'Character',1,'2010-01-18 12:22:36','2010-01-18 12:22:36'),(746,0,51,'Character',2,'2010-01-18 12:22:36','2010-01-18 12:22:36'),(747,0,51,'Character',4,'2010-01-18 12:22:36','2010-01-18 12:22:36'),(748,0,51,'Character',3,'2010-01-18 12:22:36','2010-01-18 12:22:36'),(749,0,52,'Character',1,'2010-01-18 12:22:58','2010-01-18 12:22:58'),(750,0,52,'Character',2,'2010-01-18 12:22:58','2010-01-18 12:22:58'),(751,0,52,'Character',4,'2010-01-18 12:22:58','2010-01-18 12:22:58'),(752,0,52,'Character',3,'2010-01-18 12:22:58','2010-01-18 12:22:58'),(753,0,53,'Character',1,'2010-01-18 12:23:28','2010-01-18 12:23:28'),(754,0,53,'Character',2,'2010-01-18 12:23:28','2010-01-18 12:23:28'),(755,0,53,'Character',4,'2010-01-18 12:23:28','2010-01-18 12:23:28'),(756,0,53,'Character',3,'2010-01-18 12:23:28','2010-01-18 12:23:28'),(757,0,54,'Character',1,'2010-01-18 12:23:54','2010-01-18 12:23:54'),(758,0,54,'Character',2,'2010-01-18 12:23:54','2010-01-18 12:23:54'),(759,0,54,'Character',4,'2010-01-18 12:23:54','2010-01-18 12:23:54'),(760,0,54,'Character',3,'2010-01-18 12:23:54','2010-01-18 12:23:54'),(761,0,55,'Character',1,'2010-01-18 12:24:16','2010-01-18 12:24:16'),(762,0,55,'Character',2,'2010-01-18 12:24:16','2010-01-18 12:24:16'),(763,0,55,'Character',4,'2010-01-18 12:24:16','2010-01-18 12:24:16'),(764,0,55,'Character',3,'2010-01-18 12:24:16','2010-01-18 12:24:16'),(769,0,18,'Artifact',1,'2010-01-19 10:45:15','2010-01-19 10:45:15'),(770,0,18,'Artifact',2,'2010-01-19 10:45:15','2010-01-19 10:45:15'),(771,0,18,'Artifact',4,'2010-01-19 10:45:15','2010-01-19 10:45:15'),(772,0,18,'Artifact',3,'2010-01-19 10:45:15','2010-01-19 10:45:15');
/*!40000 ALTER TABLE `ratings` ENABLE KEYS */;
UNLOCK TABLES;

--
-- Table structure for table `references`
--

DROP TABLE IF EXISTS `references`;
SET @saved_cs_client     = @@character_set_client;
SET character_set_client = utf8;
CREATE TABLE `references` (
  `id` int(11) NOT NULL auto_increment,
  `referrer_id` int(11) default NULL,
  `referrer_type` varchar(255) default NULL,
  `referee_id` int(11) default NULL,
  `referee_type` varchar(255) default NULL,
  `description` text,
  `created_at` datetime default NULL,
  `updated_at` datetime default NULL,
  PRIMARY KEY  (`id`)
) ENGINE=InnoDB AUTO_INCREMENT=12 DEFAULT CHARSET=latin1;
SET character_set_client = @saved_cs_client;

--
-- Dumping data for table `references`
--

LOCK TABLES `references` WRITE;
/*!40000 ALTER TABLE `references` DISABLE KEYS */;
INSERT INTO `references` VALUES (2,15,'Event',7,'Story','The Doctor reveals the Dalek plan to extract the Earth\'s core','2010-01-14 12:28:03','2010-01-14 12:28:03'),(4,31,'Event',7,'Story','The Doctor remembers that someone tried to steal the Earth once before','2010-01-15 15:46:11','2010-01-15 15:46:11'),(8,33,'Event',18,'Event','Sarah Jane saw Davros die on Skaro','2010-01-27 13:59:32','2010-01-27 13:59:32'),(9,33,'Event',8,'Story','Caan\'s emergency time shift took him into the Time War','2010-01-27 14:04:49','2010-01-27 14:04:49'),(11,37,'Event',15,'Event','Davros remembers having first met Sarah Jane on Skaro','2010-01-27 14:09:19','2010-01-27 14:09:19');
/*!40000 ALTER TABLE `references` ENABLE KEYS */;
UNLOCK TABLES;

--
-- Table structure for table `relationship_types`
--

DROP TABLE IF EXISTS `relationship_types`;
SET @saved_cs_client     = @@character_set_client;
SET character_set_client = utf8;
CREATE TABLE `relationship_types` (
  `id` int(11) NOT NULL auto_increment,
  `key` varchar(255) collate utf8_unicode_ci default NULL,
  `created_at` datetime default NULL,
  `updated_at` datetime default NULL,
  PRIMARY KEY  (`id`),
  KEY `index_relationship_types_on_key` (`key`)
) ENGINE=InnoDB AUTO_INCREMENT=18 DEFAULT CHARSET=utf8 COLLATE=utf8_unicode_ci;
SET character_set_client = @saved_cs_client;

--
-- Dumping data for table `relationship_types`
--

LOCK TABLES `relationship_types` WRITE;
/*!40000 ALTER TABLE `relationship_types` DISABLE KEYS */;
INSERT INTO `relationship_types` VALUES (1,'best-friend','2009-11-17 17:28:56','2009-11-17 17:28:56'),(2,'sibling','2009-11-17 17:29:10','2010-01-25 16:37:52'),(3,'companion-of','2009-11-17 17:29:17','2009-11-17 17:29:17'),(4,'grandson-of','2009-11-17 17:29:25','2009-11-17 17:29:25'),(5,'incarnation-of','2009-11-17 17:29:33','2009-11-17 17:29:33'),(6,'married-to','2009-11-17 17:29:41','2009-11-17 17:29:41'),(7,'one-of','2009-11-17 17:29:47','2009-11-17 17:29:47'),(8,'partner of','2009-11-17 17:29:56','2010-02-01 16:06:53'),(9,'sister-of','2009-11-17 17:30:02','2009-11-17 17:30:02'),(10,'creator of','2009-12-22 15:14:08','2010-02-01 16:03:19'),(11,'created by','2009-12-22 15:14:37','2010-02-01 16:02:30'),(12,'faction-of','2010-01-14 14:54:19','2010-01-14 14:54:19'),(13,'Incarnations','2010-01-18 12:18:48','2010-01-18 12:18:48'),(14,'companion','2010-01-18 12:30:04','2010-01-25 16:38:14'),(15,'affiliate','2010-01-20 09:44:49','2010-01-25 16:36:26'),(16,'daughter of','2010-01-20 10:08:19','2010-01-20 10:08:19'),(17,'Includes','2010-02-01 15:08:24','2010-02-01 15:08:24');
/*!40000 ALTER TABLE `relationship_types` ENABLE KEYS */;
UNLOCK TABLES;

--
-- Table structure for table `relationships`
--

DROP TABLE IF EXISTS `relationships`;
SET @saved_cs_client     = @@character_set_client;
SET character_set_client = utf8;
CREATE TABLE `relationships` (
  `id` int(11) NOT NULL auto_increment,
  `relation_id` int(11) default NULL,
  `character_id` int(11) default NULL,
  `relationship_type_id` int(11) default NULL,
  `created_at` datetime default NULL,
  `updated_at` datetime default NULL,
  PRIMARY KEY  (`id`),
  KEY `index_relationships_on_relation_id` (`relation_id`),
  KEY `index_relationships_on_character_id` (`character_id`),
  KEY `index_relationships_on_relationship_type_id` (`relationship_type_id`)
) ENGINE=InnoDB AUTO_INCREMENT=86 DEFAULT CHARSET=utf8 COLLATE=utf8_unicode_ci;
SET character_set_client = @saved_cs_client;

--
-- Dumping data for table `relationships`
--

LOCK TABLES `relationships` WRITE;
/*!40000 ALTER TABLE `relationships` DISABLE KEYS */;
INSERT INTO `relationships` VALUES (1,10,11,5,'2009-11-17 17:44:53','2009-11-17 17:44:53'),(2,4,1,8,'2009-11-17 17:45:08','2009-11-17 17:45:08'),(3,2,1,1,'2009-11-17 17:45:28','2009-11-17 17:45:28'),(4,4,2,9,'2009-11-17 17:45:48','2009-11-17 17:45:48'),(5,7,2,6,'2009-11-17 17:46:04','2009-11-17 17:46:04'),(6,11,3,3,'2009-11-17 17:46:20','2009-11-17 17:46:20'),(7,2,4,2,'2009-11-17 17:46:35','2009-11-17 17:46:35'),(8,7,6,4,'2009-11-17 17:46:52','2009-11-17 17:46:52'),(9,2,6,4,'2009-11-17 17:47:06','2009-11-17 17:47:06'),(10,2,7,6,'2009-11-17 17:47:24','2009-11-17 17:47:24'),(13,23,19,7,'2009-11-17 17:49:38','2009-11-17 17:49:38'),(14,23,20,7,'2009-11-18 11:17:02','2009-11-18 11:17:02'),(17,47,36,7,'2009-12-21 13:06:55','2010-01-18 15:13:14'),(18,32,43,7,'2009-12-21 16:28:29','2009-12-21 16:28:29'),(19,35,34,14,'2009-12-22 11:11:10','2010-01-18 14:37:01'),(20,31,34,7,'2009-12-22 11:11:59','2009-12-22 11:11:59'),(21,10,34,5,'2009-12-22 11:13:05','2009-12-22 11:13:05'),(22,34,35,3,'2009-12-22 11:19:54','2009-12-22 11:19:54'),(23,32,26,10,'2009-12-22 15:14:57','2009-12-22 15:14:57'),(24,26,32,11,'2009-12-22 15:15:25','2009-12-22 15:15:25'),(25,10,33,5,'2010-01-04 16:29:30','2010-01-04 16:29:30'),(26,10,29,5,'2010-01-04 16:29:53','2010-01-04 16:29:53'),(27,1,4,8,'2010-01-08 15:41:55','2010-01-08 15:41:55'),(28,32,47,7,'2010-01-14 14:54:39','2010-02-01 11:57:29'),(29,33,10,13,'2010-01-18 12:19:08','2010-01-18 12:19:08'),(34,49,10,13,'2010-01-18 12:25:17','2010-01-18 12:25:17'),(35,50,10,13,'2010-01-18 12:25:31','2010-01-18 12:25:31'),(36,29,10,13,'2010-01-18 12:25:40','2010-01-18 12:25:40'),(37,51,10,13,'2010-01-18 12:25:50','2010-01-18 12:25:50'),(38,52,10,13,'2010-01-18 12:26:06','2010-01-18 12:26:06'),(39,34,10,13,'2010-01-18 12:26:17','2010-01-18 12:26:17'),(40,53,10,13,'2010-01-18 12:26:30','2010-01-18 12:26:30'),(41,54,10,13,'2010-01-18 12:26:44','2010-01-18 12:26:44'),(42,11,10,13,'2010-01-18 12:26:59','2010-01-18 12:26:59'),(43,55,10,13,'2010-01-18 12:27:10','2010-01-18 12:27:10'),(44,50,30,3,'2010-01-18 12:28:12','2010-01-18 12:28:12'),(45,29,30,3,'2010-01-18 12:28:22','2010-01-18 12:28:22'),(46,37,11,14,'2010-01-18 12:30:59','2010-01-18 12:30:59'),(47,3,11,14,'2010-01-18 12:31:12','2010-01-18 12:31:12'),(48,12,11,14,'2010-01-18 12:34:04','2010-01-18 12:34:04'),(49,30,29,14,'2010-01-18 12:51:20','2010-01-18 12:51:20'),(50,46,29,14,'2010-01-18 12:51:34','2010-01-18 12:51:34'),(52,47,26,10,'2010-01-18 15:20:34','2010-01-18 15:20:46'),(55,54,37,3,'2010-01-20 10:07:26','2010-01-20 10:07:26'),(56,11,37,3,'2010-01-20 10:07:42','2010-01-20 10:07:42'),(57,31,10,7,'2010-01-26 12:33:22','2010-01-26 12:33:22'),(58,31,33,7,'2010-01-26 12:33:51','2010-01-26 12:33:51'),(59,31,49,7,'2010-01-26 12:34:20','2010-01-26 12:34:20'),(60,31,50,7,'2010-01-26 12:34:45','2010-01-26 12:34:45'),(61,31,29,7,'2010-01-26 12:35:06','2010-01-26 12:35:06'),(62,31,51,7,'2010-01-26 12:35:26','2010-01-26 12:35:26'),(63,31,52,7,'2010-01-26 12:35:50','2010-01-26 12:35:50'),(64,31,53,7,'2010-01-26 12:36:25','2010-01-26 12:36:25'),(65,31,54,7,'2010-01-26 12:37:13','2010-01-26 12:37:13'),(66,37,54,14,'2010-01-26 12:37:23','2010-01-26 12:37:23'),(67,31,11,7,'2010-01-26 12:37:56','2010-01-26 12:37:56'),(68,31,55,7,'2010-01-26 12:38:14','2010-01-26 12:38:14'),(69,30,50,14,'2010-01-26 12:38:37','2010-01-26 12:38:37'),(71,23,21,7,'2010-02-01 11:56:59','2010-02-01 11:56:59'),(72,32,48,7,'2010-02-01 11:57:51','2010-02-01 11:57:51'),(73,43,32,17,'2010-02-01 15:08:43','2010-02-01 15:08:43'),(74,47,32,17,'2010-02-01 15:09:03','2010-02-01 15:09:03'),(75,48,32,17,'2010-02-01 15:09:14','2010-02-01 15:09:14'),(76,36,32,17,'2010-02-01 15:09:26','2010-02-01 15:09:26'),(77,19,23,17,'2010-02-01 15:10:29','2010-02-01 15:10:29'),(78,20,23,17,'2010-02-01 15:10:38','2010-02-01 15:10:38'),(79,21,23,17,'2010-02-01 15:10:46','2010-02-01 15:10:46'),(80,10,31,17,'2010-02-01 15:13:39','2010-02-01 15:13:39'),(81,29,46,3,'2010-02-01 15:57:20','2010-02-01 15:57:20'),(82,54,38,3,'2010-02-01 15:58:25','2010-02-01 15:58:25'),(83,11,38,3,'2010-02-01 15:58:41','2010-02-01 15:58:41'),(84,11,12,3,'2010-02-01 15:59:48','2010-02-01 15:59:48'),(85,1,2,1,'2010-02-01 16:07:34','2010-02-01 16:07:34');
/*!40000 ALTER TABLE `relationships` ENABLE KEYS */;
UNLOCK TABLES;

--
-- Table structure for table `schema_migrations`
--

DROP TABLE IF EXISTS `schema_migrations`;
SET @saved_cs_client     = @@character_set_client;
SET character_set_client = utf8;
CREATE TABLE `schema_migrations` (
  `version` varchar(255) collate utf8_unicode_ci NOT NULL,
  UNIQUE KEY `unique_schema_migrations` (`version`)
) ENGINE=InnoDB DEFAULT CHARSET=utf8 COLLATE=utf8_unicode_ci;
SET character_set_client = @saved_cs_client;

--
-- Dumping data for table `schema_migrations`
--

LOCK TABLES `schema_migrations` WRITE;
/*!40000 ALTER TABLE `schema_migrations` DISABLE KEYS */;
INSERT INTO `schema_migrations` VALUES ('20091026100000'),('20091026105109'),('20091026105121'),('20091026105345'),('20091026105350'),('20091026105357'),('20091026105401'),('20091026105405'),('20091026105409'),('20091026105412'),('20091026105433'),('20091026105438'),('20091026105443'),('20091028113014'),('20091028113044'),('20091104150433'),('20091109110251'),('20091109112139'),('20091109140145'),('20091109154833'),('20091117155305'),('20091117160135'),('20091117165121'),('20091117165129'),('20091117165136'),('20091117165145'),('20091119102026'),('20091124115318'),('20091124164836'),('20091126121548'),('20091127152244'),('20091127153130'),('20091204164133'),('20091204164233'),('20091208141844'),('20091209145357'),('20091210143116'),('20091210164048'),('20091211121454'),('20091211155141'),('20091214113502'),('20091216115333'),('20091222130115'),('20091223115803'),('20091226180434'),('20100104140310'),('20100104221744'),('20100107124226'),('20100107135911'),('20100107153920'),('20100107173008'),('20100108140341'),('20100111084741'),('20100111170155'),('20100113122825'),('20100113151938'),('20100113155811'),('20100115104911'),('20100119115656'),('20100121115516'),('20100122105142'),('20100122111451'),('20100122121748'),('20100125144128'),('20100127153810'),('20100128113319'),('20100128113610');
/*!40000 ALTER TABLE `schema_migrations` ENABLE KEYS */;
UNLOCK TABLES;

--
-- Table structure for table `stories`
--

DROP TABLE IF EXISTS `stories`;
SET @saved_cs_client     = @@character_set_client;
SET character_set_client = utf8;
CREATE TABLE `stories` (
  `id` int(11) NOT NULL auto_increment,
  `url_key` varchar(255) collate utf8_unicode_ci NOT NULL,
  `title` varchar(255) collate utf8_unicode_ci default NULL,
  `short_synopsis` varchar(255) collate utf8_unicode_ci default NULL,
  `long_synopsis` text collate utf8_unicode_ci,
  `imgs_file_name` varchar(255) collate utf8_unicode_ci default NULL,
  `imgs_content_type` varchar(255) collate utf8_unicode_ci default NULL,
  `imgs_file_size` int(11) default NULL,
  `imgs_updated_at` datetime default NULL,
  `created_at` datetime default NULL,
  `updated_at` datetime default NULL,
  `article_image_one_file_name` varchar(255) collate utf8_unicode_ci default NULL,
  `article_image_one_content_type` varchar(255) collate utf8_unicode_ci default NULL,
  `article_image_one_file_size` int(11) default NULL,
  `article_image_one_updated_at` datetime default NULL,
  `article_image_two_file_name` varchar(255) collate utf8_unicode_ci default NULL,
  `article_image_two_content_type` varchar(255) collate utf8_unicode_ci default NULL,
  `article_image_two_file_size` int(11) default NULL,
  `article_image_two_updated_at` datetime default NULL,
  `article_image_three_file_name` varchar(255) collate utf8_unicode_ci default NULL,
  `article_image_three_content_type` varchar(255) collate utf8_unicode_ci default NULL,
  `article_image_three_file_size` int(11) default NULL,
  `article_image_three_updated_at` datetime default NULL,
  `article_image_four_file_name` varchar(255) collate utf8_unicode_ci default NULL,
  `article_image_four_content_type` varchar(255) collate utf8_unicode_ci default NULL,
  `article_image_four_file_size` int(11) default NULL,
  `article_image_four_updated_at` datetime default NULL,
  `article` text collate utf8_unicode_ci,
  `position` int(11) default NULL,
  PRIMARY KEY  (`id`),
  KEY `index_stories_on_url_key` (`url_key`)
) ENGINE=InnoDB AUTO_INCREMENT=9 DEFAULT CHARSET=utf8 COLLATE=utf8_unicode_ci;
SET character_set_client = @saved_cs_client;

--
-- Dumping data for table `stories`
--

LOCK TABLES `stories` WRITE;
/*!40000 ALTER TABLE `stories` DISABLE KEYS */;
INSERT INTO `stories` VALUES (1,'b6p2','Genesis of the Daleks','The Time Lords send the Doctor to Skaro on a mission to prevent the creation of the Daleks.','The [Time Lords](/groups/d325) transport the [Doctor](/characters/wx3n), [Sarah](/characters/9pmq) and [Harry](/characters/wn54) to [Skaro](/places/6mn8) at a point in time just before the birth of the [Daleks](/groups/284h). The Doctor\'s mission is to change history and prevent the creation of his deadliest enemies.  \r\n\r\nCrippled Kaled scientist, [Davros](/characters/b963) is willing to go to any lengths to secure the future of his Dalek creations - even if he has to collude with the enemy and commit genocide. With time running out, the Doctor ponders if he has the right to wipe out an entire race, even one as evil as the Daleks.\r\n','genesis.jpg','image/jpeg',78866,'2010-01-05 11:48:40','2009-12-21 11:47:10','2010-01-29 11:18:59',NULL,NULL,NULL,NULL,NULL,NULL,NULL,NULL,NULL,NULL,NULL,NULL,NULL,NULL,NULL,NULL,'The [Time Lords](http://myth.rad0.net/groups/d325) transport the [Doctor](http://myth.rad0.net/characters/wx3n), [Sarah](http://myth.rad0.net/characters/9pmq) and [Harry](http://myth.rad0.net/characters/wn54) to [Skaro](http://myth.rad0.net/places/6mn8) at a point in time just before the birth of the [Daleks](http://myth.rad0.net/groups/284h). The Doctor\'s mission is to change history and prevent the creation of his deadliest enemies.  \r\n\r\nA centuries long war between the Kaleds and the Thals rages across Skaro and the time travellers are caught in the middle\r\n\r\nThe Doctor meets the crippled chief Kaled scientist, [Davros](http://myth.rad0.net/characters/b963). Having deduced that years of radioactive contamination and chemical warfare will eventually lead to the mutation of the Kaleds into helpless organisms, Davros has created the Mark 3 Travel Machine. The Doctor recognises this mobile, armoured shell as a prototype Dalek. \r\n\r\nWith the Doctor\'s help, the Kaled government intend to shut down Davros\'s unethical experiments. But Davros is unwilling to give up so easily. Secretly he provides the Thals with the formula that will allow their rocket to penetrate the protective dome over the Kaled city and seals the fate of his own people. \r\n\r\nThe Thal\'s launch their deadly rocket, completely destroying the Kaled city. Davros takes the opportunity to release his Daleks who ruthlessly crush any resistance from the Thals and the surviving Kaleds. \r\n\r\nUnable to bring himself to completely destroy the Daleks, the Doctor seals them in their bunker along with their creator. Too late, Davros realises that the Daleks consider even him expendable and they exterminate him.\r\n\r\nThe Doctor, Sarah and Harry depart Skaro by using a Time Lord [time ring](http://myth.rad0.net/things/b2qv). Although the Daleks have survived, the Doctor believes that he may have set back their development and that out of the destruction and terror that they will cause, something good will come.',1),(2,'9325','Remembrance of the Daleks','In London in 1963, Daleks fight Daleks as they search for the all-powerful Hand of Omega.','The [TARDIS](/things/n84h) takes the [Doctor](/characters/cgf9) and his new companion, [Ace](/characters/rjbd) to [London](/places/wdxm) in 1963. The Doctor is anxious to retrieve the [Hand of Omega](/things/wpmq), a piece of ancient [Time Lord](/groups/d325) technology that he left there many years ago. \r\n\r\nUnfortunately, the [Renegade](/groups/684h) and [Imperial Dalek](/groups/d5vr) factions are also looking for the Hand. A Dalek civil war erupts on the streets of East London with the Doctor,  Ace and their human friends caught in the deadly cross-fire.','remembrance.jpg','image/jpeg',70245,'2010-01-05 11:35:12','2009-12-21 12:46:39','2010-01-29 11:31:33',NULL,NULL,NULL,NULL,NULL,NULL,NULL,NULL,NULL,NULL,NULL,NULL,NULL,NULL,NULL,NULL,'The [Doctor](http://myth.rad0.net/characters/cgf9) takes his new companion, [Ace](http://myth.rad0.net/characters/rjbd) to [Shoreditch](http://myth.rad0.net/places/zb9x), [London](http://myth.rad0.net/places/wdxm) in 1963. The Doctor previously visited the area in his first incarnation but was forced to depart in a hurry and left behind a [Time Lord](http://myth.rad0.net/groups/d325) stellar manipulator known as [The Hand of Omega](http://myth.rad0.net/things/wpmq). Now he is finally returning to collect the Hand, but it has already attracted the attention of two opposing [Dalek](http://myth.rad0.net/groups/284h) factions  the grey [Renegade Daleks](http://myth.rad0.net/groups/684h) and the gold [Imperial Daleks](http://myth.rad0.net/groups/d5vr).\r\n\r\nThe Dalek activity has already attracted the attention of the locals. The Doctor soon joins forces with Group Captain Gilmore who leads a military force against the alien invaders and is supported by his scientific advisor, Rachel Jensen and her assistant Alison Williams.\r\n \r\nThe Doctor retrieves the coffin-like Hand of Omega from its hiding place at an undertakers. He then buries it in a cemetery. But the Renegade Daleks agents have been watching and soon retrieve the Hand for themselves. \r\n\r\nPreparing to return to the future with the Hand, the Renegade Daleks, lead by the Black Dalek, are attacked by the Imperial Daleks. After a fierce battle, the Imperial Daleks are able to secure the Hand and return with it to their orbiting [mothership](http://myth.rad0.net/places/rwdp). \r\n\r\nThe Doctor makes contact with the Imperial Dalek Emperor who reveals himself to actually be the Dalek creator, [Davros](http://myth.rad0.net/characters/b963). Goaded by the Doctor, Davros launches the Hand of Omega with the intention of turning the sun of the Dalek home world, [Skaro](http://myth.rad0.net/places/6mn8) into a source of unlimited energy for time travel. But the Doctor has tricked Davros and has already pre-programmed the Hand to destroy Skaro.  As the Hand then homes in on the Imperial Dalek mothership, Davros quickly escapes before the ship and the Daleks are destroyed.\r\n\r\nThe Black Dalek is the only survivor of the Renegade force. By convincing it that it is completely alone, the Doctor is able to talk it into self-destructing.\r\n',2),(3,'cjbd','The Stolen Earth / Journey\'s End','Davros and the Daleks intend to use the power of 27 stolen planets to destroy reality!','When the [Doctor](/characters/m2qv) and [Donna](/characters/2n54) land on present day [Earth](/places/fx3n), they are amazed when the planet literally vanishes from beneath their feet.  In an attempt to solve the mystery, they travel to the [Shadow Proclamation](/places/nhgb) where they learn that the Earth is just one of twenty-seven planets to go missing. \r\n\r\nTracking the Earths trail to the [Medusa Cascade](/places/w325), the Doctor discovers that [Davros](/characters/b963) and a new race of [Daleks](/groups/284h) are responsible. Together the twenty-seven planets form a vast energy source which will power the devastating reality bomb.\r\n\r\nA reunion with Rose Tyler is cut short when the Doctor is shot by a Dalek. Managing to prevent a full regeneration, the excess e energy triggers the creation of half-human version of the Doctor.  Donna also becomes half Time Lord and is able to defeat the Daleks. \r\n','stolenearth.jpg','image/jpeg',111547,'2010-01-13 15:58:53','2009-12-21 15:54:38','2010-01-29 11:12:19',NULL,NULL,NULL,NULL,NULL,NULL,NULL,NULL,NULL,NULL,NULL,NULL,NULL,NULL,NULL,NULL,'When the [Earth](http://myth.rad0.net/places/fx3n) literraly vanishes from beneath their feet, the [Doctor](http://myth.rad0.net/characters/m2qv) and [Donna](http://myth.rad0.net/characters/2n54) travel to the [Shadow Proclomation](http://myth.rad0.net/groups/j6p2). There  the Doctor learns that the Earth is just one of twenty-seven planets to have gone missing.  He deduces that, together, these planets will form a massive power-house.  But for what?\r\n\r\nThe Doctor and Donna follow the Earths trail to the [Medusa Cascade](http://myth.rad0.net/places/w325), but there is not trace of the missing planet. \r\n\r\nThe twenty-seven planets have been stolen by the [Daleks](http://myth.rad0.net/groups/284h) who have invaded the Earth. The Doctors friends combine their resources send a signal to the [TARDIS](http://myth.rad0.net/things/n84h).\r\n\r\nReceiving the signal, the Doctor is able to home in on the Earth which, along with the other planets, have been hidden one second out of sync with the rest of the Universe. The signal also attracts the attention of the Dalek creator, [Davros](http://myth.rad0.net/characters/b963) who  has created this new race of Daleks. \r\n\r\nAbout to be reunited with [Rose](http://myth.rad0.net/characters/rfw6), the Docor is shot by a Dalek which triggers his regenearation. However, the Doctor is able to heal himself and divert the remaining regenerative energy into his [severed hand](http://myth.rad0.net/things/vb9x) in a jar in the TARDIS.\r\n\r\nThe TARDIS is abducted by the Daleks and the Doctor is taken prisoner.  Trapped in the TARDIS, Donna is compelled to combine her life-force with the Doctors hand, triggering its growth into a duplicate, [half-human Doctor](http://myth.rad0.net/characters/d2qv). In return, Donna becomes half [Time Lord](http://myth.rad0.net/groups/d325).\r\n\r\nDavros and the Daleks prepare to detonate the deadly reality bomb, powered by the twenty-seven planets.  But  Donna  is able to use her Time Lord mind to deactivate the weapon.  The vengeful half-human Doctor finishes the job by completely destroying the Daleks. \r\n\r\nRose and the half-human Doctor are returned to the alternate universe to spend their lives together. \r\n\r\nDonnas brain is unable to cope with her new Time Lord mind. To save her life, the the Doctor has no choice but to wipe her memory of her time with him in the TARDIS and returns her to her old life on Earth.\r\n\r\n',4),(4,'jx3n','Blink','Sally Sparrow receives messages from the past, warning her of the threat of the Weeping Angels.','When [Sally Sparrow](/characters/jfw6) breaks into an old abandoned house and discovers a message to her, written in 1969, from someone called the [Doctor](/characters/m2qv), it is only the beginning of a series of bizarre events. People are vanishing, and stone statues appear to be moving.  \r\n\r\nAs Sally realises that the missing people have been sent back in time, she struggles to understand the meaning of the Doctors cryptic messages from the past.  Without her help, the Doctor will remain trapped in 1969, cut off from his [TARDIS](/things/n84h), a victim of the [Weeping Angels](/groups/xpmq). \r\n','blink.jpg','image/jpeg',82571,'2010-01-07 15:19:08','2010-01-04 16:33:55','2010-01-29 11:38:06',NULL,NULL,NULL,NULL,NULL,NULL,NULL,NULL,NULL,NULL,NULL,NULL,NULL,NULL,NULL,NULL,'[Sally Sparrow](http://myth.rad0.net/characters/jfw6) breaks into the [old house](http://myth.rad0.net/places/96p2) at Wester Drumlins and receives a message from  the past. It is from the [Doctor](http://myth.rad0.net/characters/m2qv) that warns her to beware of the [Weeping Angels](http://myth.rad0.net/groups/xpmq). Around the house and gardens  are what appear to be statues of Angels covering their faces. How can they possibly be a threat?\r\n\r\nReturning to the house the following day, Sallys friend, [Kathy](http://myth.rad0.net/characters/fb9x), accompanies her but disappears. A letter from Kathy claims she was thrown back in time to 1920 by the Angels. \r\n\r\nKathys brother, [Larry](http://myth.rad0.net/characters/w963) tells Sally about a [video](http://myth.rad0.net/things/hdxm) of the Doctor holding one side of a conversation  that has been hidden on seventeen DVDs.  Larry gives Sally a [list]((http://myth.rad0.net/things/54rg)) of the DVD titles.\r\n\r\nSally goes to the police to report Kathys disappearance, but [D.I. Billy Shipton](http://myth.rad0.net/characters/9dxm) reveals that many people have gone missing at Wester Drumlins. He shows Sally the abandoned cars that were found there and also a police box. \r\n\r\nThen Billy goes missing himself and Sally is called to the hospital to visit a dying patient. It is Billy, but over thirty-five years older. Like Kathy, Billy was also sent back in time. He met the Doctor in 1969 who gave Billy a message to pass on to Sally: look at the list.\r\n\r\nThe seventeen DVDs with the Doctors hidden message are all the DVDs that Sally owns and she realises that the message is for her. Back at the old house, Larry and Sally learn from the Doctors video that the Angels can only move when they are not being looked at. \r\n\r\nChased by the Angels into the cellar, Sally and Larry discover the [TARDIS](http://myth.rad0.net/things/n84h) there. Managing to gain entry just in time, Sally and Larry trigger its departure to 1969. The ship dematerialises around them, leaving them at the mercy of the angels. But the Angels have looked through the vanishing TARDIS at each other and are permanently turned to stone.\r\n',3),(5,'fpmq','Planet of the Ood','On the Ood-Sphere, the enslaved Ood are beginning to rebel against their human masters.','The TARDIS takes the Doctor and Donna to the Ood-Sphere, home of the Ood and also the base for Ood Operations who process and sell the Ood as servants across four galaxies. Chief Executive, Klineman Helpman is worried. After years of servitude, the  Ood are beginning to strike back at  their masters.\r\n\r\nThe Doctor and Donna set out to unearth the Oods secret which Helpman and his family have deliberately supressed for Centuries.  But their discovery of the truth may be too late as a full scale Ood rebellion erupts around them.\r\n','Picture_9.png','image/png',397382,'2010-01-05 11:07:50','2010-01-04 16:34:57','2010-01-29 10:11:48',NULL,NULL,NULL,NULL,NULL,NULL,NULL,NULL,NULL,NULL,NULL,NULL,NULL,NULL,NULL,NULL,'',5),(6,'cb9x','The Last Great Time War','The Daleks and the Time Lords battle it out in a devastating war that neither will win.','When the [Time Lords](/groups/d325) foresaw a time when the [Daleks](/groups/284h) would become the dominant life form in the Universe they decided to change history and avert or alter the Dalek\'s creation. Their plan was only partially successful, but their actions provoked the Daleks into making a counter-attack. Eventually the conflict escalated into a full scale Time War when the Daleks launched a massive battle fleet into the time vortex. \r\n\r\nThe war raged across all of space and time and whole worlds and species were wiped out. The [Doctor](/characters/3mn8) fought on the front lines, leading the Time Lords into battle against the Daleks. Finally though, it was the Doctor who would bring the war to an end. Seeing that the Time Lords themselves, ruled by the legendary Rassilon, were prepared to employ the Ultimate Sanction, the Doctor destroyed both the Daleks and the Time Lords using The Moment. The entire Time War became time locked, which meant that it was impossible to travel back in time to revisit or change the events. \r\n\r\nThe Doctor believed that he was the only Time Lord to survive the war, but his one-time friend, The Master also managed to survive by hiding in human form at the end of time.\r\n','timewar.jpg','image/jpeg',74226,'2010-01-07 15:23:19','2010-01-05 16:08:24','2010-01-29 10:11:09',NULL,NULL,NULL,NULL,NULL,NULL,NULL,NULL,NULL,NULL,NULL,NULL,NULL,NULL,NULL,NULL,'',6),(7,'fmn8','The Dalek Invasion of Earth','The Daleks plan to remove the Earths core so that they can pilot it anywhere in the Universe.','The [TARDIS](/things/n84h) arrives in a devastated and deserted [London](/places/wdxm) in the 22nd Century. The [Daleks](/groups/284h) have invaded and conquered the [Earth](/places/fx3n), enslaving the population, turning many into zombie-like Robomen.\r\n\r\nCut off from the TARDIS, the [Doctor](/characters/4zjw) and Ian are captured by the Daleks and imprisoned on one of their flying saucers.  Barbara and Susan join forces with human freedom fighters who are determined to take back their world.\r\n\r\nThe Dalek saucer takes the Doctor and Ian to the centre of Dalek operations in Bedfordshire.  There the Doctor discovers the Daleks incredible plan to mine out the Earths core and replace it with a device that will allow them to pilot the entire planet through space like a giant starship.\r\n','invasion.jpg','image/jpeg',73978,'2010-01-19 09:48:25','2010-01-14 10:39:13','2010-01-29 10:11:00',NULL,NULL,NULL,NULL,NULL,NULL,NULL,NULL,NULL,NULL,NULL,NULL,NULL,NULL,NULL,NULL,'',8),(8,'xvcz','Daleks in Manhattan / Evolution of the Daleks','In 1930\'s New York, the Cult of Skaro are creating a new race of humanoid Daleks.','The TARDIS takes the Doctor and Martha to New York in 1930 where the Empire State Building is under construction.  There they discover that the Daleks are abducting the homeless. The Dalek leader, Sec, becomes the first in a new race of Dalek/Human hybrids. \r\n\r\nBelieving Sec to be no longer human, Dalek Caan and the other two Daleks rebel against Caan and exterminate him.  The Daleks use a gamma lightening strike to transform their prisoners into human Daleks. But the Doctor has introduced his own DNA into the hybrids and they rebel against the Daleks.  Dalek Caan escapes using emergency time shift.\r\n','manhattan.jpg','image/jpeg',66297,'2010-01-19 09:53:29','2010-01-15 16:25:02','2010-01-29 10:11:09',NULL,NULL,NULL,NULL,NULL,NULL,NULL,NULL,NULL,NULL,NULL,NULL,NULL,NULL,NULL,NULL,'The TARDIS takes the Doctor and Marth to New York in 1930 where the Empire State Building is under construction.  There the Doctor and Martha meet Solomon,  the leader of of the community  of the homeless. Solomon reveals that people have been going missing at night.\r\n\r\nAt the Empire State Building, Mr Diagoras is overseeing construction but is secretly in the employ of the four Daleks who make up the Cult of Skaro. The Daleks are responsible for the abductions, some of whom are surgically altered into pig-like slaves while the others are reserved for the final experiment.\r\nDiagoras recruits workers, including the Doctor and Martha. Taken to the sewers,  the Doctors group are chased by the pig slaves but manage to escape.  \r\n\r\nDespite the objections of fellow Daleks, Caan, Thay and Jast, Dalek Sec is determined to become the first of a new race of Dalek/Human hybrids. To this end, Sec absorbs Diagoras and metamorphoses into the first human Dalek.\r\nSecs final experiment is to transform the captive humans into Daleks by using the energy from a gamma strike which will be conducted from the mast of the Empire State Building. Dalek Caan and the other two Daleks exterminate Sec, believing that he is no longer a true Dalek.  They alter the experiment so that the humans will become totally Dalek. \r\n\r\nDespite his efforts, the Doctor is unable to prevent the gamma strike but manages to introduce his own DNA into the new human Daleks. Refusing to take orders from their Dalek masters , the human Daleks rebel, destroying Jast and Thay. Dalek Caan is the only surviving Dalek and escapes using emergency time shift.\r\n',7);
/*!40000 ALTER TABLE `stories` ENABLE KEYS */;
UNLOCK TABLES;

--
-- Table structure for table `story_parts`
--

DROP TABLE IF EXISTS `story_parts`;
SET @saved_cs_client     = @@character_set_client;
SET character_set_client = utf8;
CREATE TABLE `story_parts` (
  `id` int(11) NOT NULL auto_increment,
  `story_id` int(11) default NULL,
  `event_id` int(11) default NULL,
  `long_synopsis` text collate utf8_unicode_ci,
  `position` float default NULL,
  PRIMARY KEY  (`id`),
  KEY `index_story_parts_on_story_id` (`story_id`),
  KEY `index_story_parts_on_event_id` (`event_id`)
) ENGINE=InnoDB AUTO_INCREMENT=61 DEFAULT CHARSET=utf8 COLLATE=utf8_unicode_ci;
SET character_set_client = @saved_cs_client;

--
-- Dumping data for table `story_parts`
--

LOCK TABLES `story_parts` WRITE;
/*!40000 ALTER TABLE `story_parts` DISABLE KEYS */;
INSERT INTO `story_parts` VALUES (1,1,13,'',NULL),(2,1,14,'',NULL),(3,1,15,'',NULL),(4,1,16,'',NULL),(5,1,17,'',NULL),(6,1,18,'',NULL),(7,1,19,'',NULL),(8,2,20,'Test.',NULL),(9,2,21,'',NULL),(10,2,22,'',NULL),(11,2,23,'',NULL),(12,2,24,'',NULL),(13,2,25,'',NULL),(14,2,26,'',NULL),(15,2,27,'',NULL),(16,2,28,'',NULL),(17,2,29,'',NULL),(18,3,30,'',NULL),(19,3,31,'',NULL),(20,3,32,'',NULL),(21,3,33,'',NULL),(22,3,34,'',NULL),(23,3,35,'',NULL),(24,3,36,'',NULL),(25,3,37,'',NULL),(26,3,38,'',NULL),(27,3,39,'',NULL),(28,3,40,'',NULL),(29,3,41,'',NULL),(30,3,42,'',NULL),(31,3,43,'',NULL),(32,3,44,'',NULL),(33,5,45,'',NULL),(34,5,47,'',NULL),(35,5,46,'',NULL),(36,5,49,'',NULL),(37,5,48,'',NULL),(38,5,50,'',NULL),(39,5,51,'',NULL),(40,5,52,'',NULL),(41,5,53,'',NULL),(43,4,56,'',0.193548),(44,4,57,'',0.258065),(45,4,58,'',0.322581),(46,4,59,'',0.387097),(47,4,60,'',0.451613),(48,4,61,'',0.516129),(49,4,62,'',0.580645),(50,4,63,'',0.645161),(51,4,64,'',0.677419),(52,4,65,'',0.709677),(53,4,66,'',0.774194),(54,4,67,'',0.83871),(55,4,68,'',0.903226),(56,4,69,'',0.967742),(57,6,13,'',0.4),(58,4,70,'',0.548387),(59,6,33,'',0.8),(60,6,28,'',0.6);
/*!40000 ALTER TABLE `story_parts` ENABLE KEYS */;
UNLOCK TABLES;

--
-- Table structure for table `typus_users`
--

DROP TABLE IF EXISTS `typus_users`;
SET @saved_cs_client     = @@character_set_client;
SET character_set_client = utf8;
CREATE TABLE `typus_users` (
  `id` int(11) NOT NULL auto_increment,
  `first_name` varchar(255) collate utf8_unicode_ci NOT NULL default '',
  `last_name` varchar(255) collate utf8_unicode_ci NOT NULL default '',
  `role` varchar(255) collate utf8_unicode_ci NOT NULL,
  `email` varchar(255) collate utf8_unicode_ci NOT NULL,
  `status` tinyint(1) default '0',
  `token` varchar(255) collate utf8_unicode_ci NOT NULL,
  `salt` varchar(255) collate utf8_unicode_ci NOT NULL,
  `crypted_password` varchar(255) collate utf8_unicode_ci NOT NULL,
  `preferences` varchar(255) collate utf8_unicode_ci default NULL,
  `created_at` datetime default NULL,
  `updated_at` datetime default NULL,
  PRIMARY KEY  (`id`)
) ENGINE=InnoDB AUTO_INCREMENT=9 DEFAULT CHARSET=utf8 COLLATE=utf8_unicode_ci;
SET character_set_client = @saved_cs_client;

--
-- Dumping data for table `typus_users`
--

LOCK TABLES `typus_users` WRITE;
/*!40000 ALTER TABLE `typus_users` DISABLE KEYS */;
INSERT INTO `typus_users` VALUES (1,'Duncan','Robertson','admin','duncan.robertson@bbc.co.uk',1,'22531abcdf8b','f742d15ced014fdb707d394be8269afeb22f3f37','afa22c79ac5fb73cfa2f583d7164771b620b68c3','--- \n:locale: en\n','2009-11-17 17:11:44','2010-01-11 10:46:34'),(2,'Tristan','Ferne','editor','tristan.ferne@bbc.co.uk',1,'f639939af9d6','588291eb3143216032818d877b5213d68c442f48','0cdef365722b6dd29eeeaa84b8ccbfe9ec2046fe','--- \n:locale: en\n','2009-11-19 10:58:15','2009-11-23 11:38:08'),(3,'Theo','Jones','editor','theo.jones@bbc.co.uk',1,'12f82def64ca','f0add29fd108ce226bf55246b96d609a0114aa46','8dd7ce0818585dd0154c6cea68fcc8959416e855','--- \n:locale: en\n','2009-11-19 10:58:42','2009-11-23 11:38:15'),(4,'Chris','Godbert','editor','chris.godbert@bbc.co.uk',1,'53eb49bca86c','fdc6ac6ad72dbf03de23b4ca672ad1fb5d7b9e77','5b7d11c8c00a8dccd52e243481ade32b212ec938','--- \n:locale: en\n','2009-11-19 10:59:22','2009-11-23 11:38:21'),(5,'Paul','Rissen','editor','paul.rissen@bbc.co.uk',1,'cb0e42f1b9f3','a417f54a174f5570057af1416bbe8742d34786cf','b6b3e5fe360871bf02e894e74c7ea1449ebee53f','--- \n:locale: en\n','2009-11-19 10:59:45','2009-11-23 11:38:27'),(6,'','','admin','andrew@camelpunch.com',1,'98853d2a56b7','c8471f7a3f4cad9d0172ff5c2e1f6b664ca5bad1','f2ae30cd2890a479709d98f9007a49d388f741d2','--- \n:locale: :en\n','2009-12-22 13:22:40','2009-12-22 13:22:40'),(7,'John','Ainsworth','editor','john.ainsworth@noisemonster.com',1,'aa11c000cd94','9851e147c2cac48562a510aef0bc8032093ac2bd','0be5d96f1f01bd0fd146beebe0dc04827fadec70','--- \n:locale: en\n','2009-12-22 14:24:16','2009-12-22 14:29:06'),(8,'George','Wright','admin','george.wright@bbc.co.uk',0,'0d99ece692a8','6a249cf8945fb4f66fa7c8a16df2e1cb724f7e2c','9dc90ac0a7573b3252f98c041ae1f1190de99b42','--- \n:locale: en\n','2010-07-02 14:53:47','2010-07-02 14:53:47');
/*!40000 ALTER TABLE `typus_users` ENABLE KEYS */;
UNLOCK TABLES;

--
-- Table structure for table `url_keys`
--

DROP TABLE IF EXISTS `url_keys`;
SET @saved_cs_client     = @@character_set_client;
SET character_set_client = utf8;
CREATE TABLE `url_keys` (
  `count` int(11) NOT NULL
) ENGINE=InnoDB DEFAULT CHARSET=utf8 COLLATE=utf8_unicode_ci;
SET character_set_client = @saved_cs_client;

--
-- Dumping data for table `url_keys`
--

LOCK TABLES `url_keys` WRITE;
/*!40000 ALTER TABLE `url_keys` DISABLE KEYS */;
INSERT INTO `url_keys` VALUES (201);
/*!40000 ALTER TABLE `url_keys` ENABLE KEYS */;
UNLOCK TABLES;

--
-- Table structure for table `usages`
--

DROP TABLE IF EXISTS `usages`;
SET @saved_cs_client     = @@character_set_client;
SET character_set_client = utf8;
CREATE TABLE `usages` (
  `id` int(11) NOT NULL auto_increment,
  `event_id` int(11) default NULL,
  `artifact_id` int(11) default NULL,
  `created_at` datetime default NULL,
  `updated_at` datetime default NULL,
  PRIMARY KEY  (`id`),
  KEY `index_usages_on_event_id` (`event_id`),
  KEY `index_usages_on_artifact_id` (`artifact_id`)
) ENGINE=InnoDB AUTO_INCREMENT=33 DEFAULT CHARSET=utf8 COLLATE=utf8_unicode_ci;
SET character_set_client = @saved_cs_client;

--
-- Dumping data for table `usages`
--

LOCK TABLES `usages` WRITE;
/*!40000 ALTER TABLE `usages` DISABLE KEYS */;
INSERT INTO `usages` VALUES (7,27,10,'2009-12-21 13:13:49','2009-12-21 13:13:49'),(8,28,10,'2009-12-21 14:28:53','2009-12-21 14:28:53'),(9,33,4,'2009-12-21 16:20:16','2009-12-21 16:20:16'),(10,44,4,'2009-12-21 16:38:36','2009-12-21 16:38:36'),(11,45,13,'2010-01-05 10:37:02','2010-01-05 10:37:02'),(12,46,2,'2010-01-05 10:42:43','2010-01-05 10:42:43'),(13,48,9,'2010-01-05 10:48:52','2010-01-05 10:48:52'),(14,50,9,'2010-01-05 10:54:06','2010-01-05 10:54:06'),(15,51,9,'2010-01-05 11:01:08','2010-01-05 11:01:08'),(16,54,4,'2010-01-05 12:04:12','2010-01-05 12:04:12'),(17,57,5,'2010-01-08 11:20:59','2010-01-08 11:20:59'),(19,62,6,'2010-01-08 11:36:53','2010-01-08 11:36:53'),(20,66,15,'2010-01-08 12:06:51','2010-01-08 12:06:51'),(21,67,4,'2010-01-08 12:10:21','2010-01-08 12:10:21'),(22,68,4,'2010-01-08 12:11:53','2010-01-08 12:11:53'),(23,69,6,'2010-01-08 12:13:32','2010-01-08 12:13:32'),(24,19,16,'2010-01-14 12:11:21','2010-01-14 12:11:21'),(25,20,17,'2010-01-14 13:30:56','2010-01-14 13:30:56'),(26,29,10,'2010-01-15 11:35:57','2010-01-15 11:35:57'),(27,36,18,'2010-01-19 10:58:27','2010-01-19 10:58:27'),(28,67,14,'2010-01-25 13:45:22','2010-01-25 13:45:22'),(29,47,13,'2010-01-29 10:07:34','2010-01-29 10:07:34'),(30,49,13,'2010-01-29 10:08:05','2010-01-29 10:08:05'),(31,53,4,'2010-01-29 10:08:40','2010-01-29 10:08:40'),(32,53,13,'2010-01-29 10:08:54','2010-01-29 10:08:54');
/*!40000 ALTER TABLE `usages` ENABLE KEYS */;
UNLOCK TABLES;
/*!40103 SET TIME_ZONE=@OLD_TIME_ZONE */;

/*!40101 SET SQL_MODE=@OLD_SQL_MODE */;
/*!40014 SET FOREIGN_KEY_CHECKS=@OLD_FOREIGN_KEY_CHECKS */;
/*!40014 SET UNIQUE_CHECKS=@OLD_UNIQUE_CHECKS */;
/*!40101 SET CHARACTER_SET_CLIENT=@OLD_CHARACTER_SET_CLIENT */;
/*!40101 SET CHARACTER_SET_RESULTS=@OLD_CHARACTER_SET_RESULTS */;
/*!40101 SET COLLATION_CONNECTION=@OLD_COLLATION_CONNECTION */;
/*!40111 SET SQL_NOTES=@OLD_SQL_NOTES */;

-- Dump completed on 2013-12-10 10:31:26
